Crop,Temperature,Humidity,Soil Moisture, Area,Production
CORN,25,55,55,3.84,18.22
CORN,37,42,55,86.7,96.4
CORN,34,45,52,73,253
CORN,34,45,52,2800,4900
CORN,37,40,46,600,2400
CORN,34,55,62,3300,6700
CORN,25,55,55,300,1600
CORN,37,42,55,3358,9540
CORN,35,50,59,455,2203
CORN,37,40,46,3475,9049
CORN,36,40,54,399,2148
CORN,36,40,54,2667,7129
CORN,37,42,55,447,2893
CORN,37,42,55,3541,3431
CORN,36,41,50,1288,8933
CORN,34,55,62,6246,10718
CORN,34,55,62,1212,6787
CORN,34,55,62,3495,10031
CORN,34,45,52,3572,25822
CORN,37,42,55,5958,21538
CORN,37,40,46,1435,10721
CORN,25,55,55,4877,20181
CORN,34,45,52,3120,23640
CORN,37,40,46,7000,32000
CORN,36,41,50,6000,48000
CORN,36,40,54,6041,20896
CORN,36,35,45,3658,32300
CORN,36,40,54,8852,43924
CORN,37,40,46,4615,33736
CORN,25,55,55,10726,51174
CORN,34,45,52,4750,43306
CORN,36,40,54,25447,63465
CORN,34,45,52,6208,48168
CORN,37,42,55,22039,63516
CORN,36,40,54,7070,50098
CORN,25,55,55,27087,53226
CORN,37,42,55,7777,57970
CORN,34,55,62,16839,42687
CORN,37,42,55,4474,31618
CORN,35,50,59,100,300
CORN,37,42,55,100,300
CORN,34,55,62,100,300
CORN,36,35,45,181,514
CORN,34,45,52,67,324
CORN,35,50,59,357,930
CORN,25,55,55,56,302
CORN,37,42,55,294,786
CORN,37,42,55,81,524
CORN,36,35,45,261,253
CORN,37,40,46,284,1968
CORN,35,50,59,742,1273
CORN,25,55,55,392,2195
CORN,37,42,55,509,1461
CORN,37,42,55,354,2559
CORN,37,42,55,417,2150
CORN,37,40,46,356,2660
CORN,25,55,55,386,1378
CORN,35,50,59,788,5971
CORN,34,45,52,1000,3000
CORN,34,55,62,1000,4000
CORN,37,40,46,843,3937
CORN,34,55,62,957,8450
CORN,34,45,52,1326,4915
CORN,36,41,50,611,4466
CORN,36,35,45,970,4969
CORN,35,50,59,539,4914
CORN,34,55,62,930,3084
CORN,34,45,52,877,6805
CORN,37,40,46,1078,4375
CORN,34,45,52,547,3876
CORN,34,55,62,1905,7683
CORN,36,41,50,1303,9713
CORN,25,55,55,2693,8820
CORN,37,40,46,984,6429
CORN,34,45,52,1600,2900
CORN,25,55,55,3600,13700
CORN,36,40,54,1700,3600
CORN,25,55,55,3800,18700
CORN,34,45,52,1522,4324
CORN,36,35,45,4266,20652
CORN,37,42,55,1406,3661
CORN,34,45,52,4108,22117
CORN,34,45,52,1204,3218
CORN,34,45,52,2597,16810
CORN,34,55,62,1423,1379
CORN,36,40,54,5975,41407
CORN,35,50,59,2116,3631
CORN,34,55,62,6392,35795
CORN,36,35,45,1881,5556
CORN,35,50,59,6094,41080
CORN,34,55,62,1763,6308
CORN,34,45,52,7838,59349
CORN,34,45,52,1735,4757
CORN,36,40,54,6191,61867
CORN,36,41,50,2000,6000
CORN,36,41,50,6000,49000
CORN,25,55,55,1602,5154
CORN,34,45,52,6581,49107
CORN,36,40,54,983,3547
CORN,36,41,50,8005,59821
CORN,36,35,45,469,1399
CORN,34,45,52,7463,54704
CORN,36,35,45,468,1727
CORN,37,40,46,8067,54017
CORN,37,42,55,495,1938
CORN,37,40,46,9485,71659
CORN,25,55,55,513,1626
CORN,25,55,55,10684,92096
CORN,36,41,50,755,2500
CORN,36,41,50,12156,98257
CORN,34,45,52,1700,3100
CORN,37,40,46,5000,19000
CORN,34,45,52,2300,4700
CORN,35,50,59,2800,14100
CORN,36,41,50,3853,10946
CORN,37,42,55,3755,18178
CORN,36,40,54,5281,13752
CORN,25,55,55,4516,24314
CORN,34,55,62,2549,6814
CORN,36,35,45,4369,28281
CORN,35,50,59,2327,2255
CORN,36,40,54,6450,44699
CORN,36,35,45,3891,6677
CORN,34,45,52,22949,128514
CORN,36,35,45,2749,8121
CORN,34,55,62,32788,279714
CORN,34,45,52,1617,5786
CORN,35,50,59,22565,237023
CORN,37,40,46,1132,3104
CORN,34,45,52,34010,280276
CORN,34,55,62,1000,3000
CORN,35,50,59,58000,517000
CORN,36,35,45,784,2522
CORN,37,42,55,95547,950884
CORN,35,50,59,530,1912
CORN,37,40,46,68798,529745
CORN,35,50,59,269,802
CORN,36,40,54,80083,904377
CORN,25,55,55,792,2922
CORN,37,42,55,70965,627331
CORN,37,42,55,1103,4319
CORN,37,40,46,82043,662579
CORN,25,55,55,1530,4850
CORN,34,45,52,85535,643394
CORN,35,50,59,367,1215
CORN,36,40,54,63701,611020
CORN,37,40,46,200,100
CORN,37,40,46,100,100
CORN,36,35,45,104,295
CORN,36,40,54,11,53
CORN,35,50,59,104,271
CORN,37,40,46,51,275
CORN,37,42,55,53,142
CORN,36,40,54,31,201
CORN,34,45,52,136,132
CORN,37,42,55,25,173
CORN,35,50,59,68,117
CORN,34,45,52,4,22
CORN,34,55,62,125,359
CORN,34,45,52,156,804
CORN,37,42,55,1,7
CORN,36,41,50,123,439
CORN,25,55,55,35,265
CORN,36,35,45,623,2909
CORN,25,55,55,1398,12344
CORN,35,50,59,559,2072
CORN,34,55,62,840,6140
CORN,34,55,62,426,2182
CORN,34,55,62,987,8998
CORN,36,35,45,574,1903
CORN,37,40,46,1014,7868
CORN,35,50,59,497,2017
CORN,37,42,55,2201,15596
CORN,36,41,50,1125,4537
CORN,25,55,55,4364,32529
CORN,36,35,45,408,1336
CORN,36,40,54,2945,19243
CORN,36,41,50,5900,10500
CORN,34,55,62,2200,8200
CORN,34,55,62,3000,6200
CORN,36,35,45,1700,8600
CORN,36,35,45,5147,14623
CORN,37,40,46,2301,11139
CORN,36,41,50,7375,19205
CORN,34,55,62,3009,16200
CORN,36,41,50,4512,12061
CORN,35,50,59,2707,17522
CORN,34,45,52,5834,5653
CORN,36,35,45,4186,29002
CORN,35,50,59,6576,11284
CORN,37,40,46,5626,31506
CORN,36,41,50,7788,35467
CORN,35,50,59,5607,45170
CORN,37,42,55,7483,37797
CORN,34,55,62,5988,38162
CORN,37,40,46,4971,22504
CORN,37,42,55,6131,57552
CORN,34,45,52,4000,23000
CORN,37,42,55,13000,102000
CORN,34,45,52,5070,25005
CORN,25,55,55,24249,205365
CORN,36,41,50,3552,16339
CORN,34,45,52,16863,139676
CORN,34,55,62,2468,11163
CORN,37,40,46,16750,142945
CORN,36,40,54,4876,19275
CORN,25,55,55,19811,145631
CORN,34,55,62,5246,24856
CORN,36,35,45,20986,151750
CORN,36,40,54,7321,30368
CORN,34,55,62,25554,197149
CORN,34,45,52,4682,20048
CORN,25,55,55,20950,141433
CORN,37,40,46,1000,1700
CORN,34,55,62,100,200
CORN,36,41,50,700,1400
CORN,25,55,55,100,400
CORN,34,45,52,669,1901
CORN,36,35,45,134,649
CORN,36,40,54,2635,6862
CORN,25,55,55,175,942
CORN,37,40,46,785,2098
CORN,37,42,55,131,848
CORN,37,42,55,1966,1905
CORN,37,42,55,631,4373
CORN,25,55,55,3534,6064
CORN,25,55,55,1490,8344
CORN,36,40,54,7241,20782
CORN,36,40,54,769,5559
CORN,34,45,52,8188,51380
CORN,36,40,54,929,6941
CORN,36,40,54,11988,40028
CORN,36,40,54,1731,13116
CORN,36,40,54,18000,104000
CORN,35,50,59,2000,16000
CORN,37,42,55,17806,90454
CORN,37,40,46,3512,31011
CORN,36,35,45,10824,29008
CORN,34,55,62,4191,30636
CORN,34,45,52,14588,78498
CORN,37,42,55,5551,50608
CORN,37,42,55,21650,92705
CORN,37,42,55,7852,60924
CORN,25,55,55,33567,162162
CORN,37,42,55,8739,61925
CORN,36,40,54,38761,212333
CORN,36,35,45,13120,97796
CORN,35,50,59,38554,138717
CORN,37,42,55,7612,47347
CORN,36,41,50,1800,8100
CORN,34,55,62,4700,17600
CORN,36,40,54,4500,13800
CORN,36,35,45,1200,5800
CORN,35,50,59,7137,29383
CORN,36,41,50,3288,15917
CORN,34,55,62,12141,42093
CORN,36,35,45,3137,16890
CORN,37,40,46,6257,27543
CORN,36,41,50,2872,18705
CORN,36,41,50,6448,168
CORN,37,42,55,2230,11538
CORN,36,35,45,8664,14278
CORN,36,35,45,1538,9142
CORN,34,45,52,6393,8145
CORN,36,40,54,2906,13940
CORN,37,42,55,2860,9058
CORN,36,35,45,3134,20778
CORN,25,55,55,737,2314
CORN,35,50,59,2728,17216
CORN,35,50,59,1000,3000
CORN,36,35,45,4000,21000
CORN,34,55,62,1401,6226
CORN,36,40,54,5743,30289
CORN,37,40,46,244,605
CORN,35,50,59,5586,46861
CORN,34,45,52,260,1460
CORN,37,40,46,8734,73139
CORN,25,55,55,587,2629
CORN,34,55,62,12951,100642
CORN,37,40,46,1604,8937
CORN,36,40,54,19797,125355
CORN,34,45,52,3012,13006
CORN,36,35,45,20101,161351
CORN,34,55,62,1183,4294
CORN,37,40,46,15889,127001
CORN,34,55,62,100,100
CORN,36,40,54,100,200
CORN,35,50,59,100,100
CORN,37,42,55,21,60
CORN,35,50,59,51,133
CORN,34,55,62,273,1470
CORN,36,41,50,98,262
CORN,34,55,62,2,2
CORN,37,42,55,65,450
CORN,34,45,52,17,29
CORN,36,41,50,6,34
CORN,37,42,55,55,162
CORN,25,55,55,10,72
CORN,34,45,52,56,200
CORN,25,55,55,24,179
CORN,36,40,54,28,77
CORN,25,55,55,128,970
CORN,34,55,62,128,412
CORN,36,41,50,544,4804
CORN,36,40,54,177,639
CORN,36,35,45,647,4730
CORN,37,40,46,53,158
CORN,34,55,62,507,4622
CORN,36,35,45,207,764
CORN,35,50,59,1219,9458
CORN,37,42,55,163,638
CORN,37,40,46,1274,9028
CORN,34,45,52,286,907
CORN,34,55,62,1631,12157
CORN,34,45,52,132,437
CORN,36,40,54,691,5547
CORN,34,45,52,200,400
CORN,36,35,45,100,200
CORN,37,42,55,300,500
CORN,36,35,45,302,858
CORN,36,41,50,18,87
CORN,36,41,50,242,630
CORN,37,40,46,11,59
CORN,25,55,55,311,831
CORN,34,55,62,146,945
CORN,37,42,55,400,388
CORN,36,35,45,500,3458
CORN,25,55,55,1149,1972
CORN,34,55,62,895,5012
CORN,36,40,54,1114,3291
CORN,37,40,46,747,5400
CORN,35,50,59,1382,4945
CORN,37,42,55,1076,8039
CORN,36,35,45,1857,5092
CORN,34,55,62,1155,8751
CORN,36,35,45,2000,7000
CORN,37,40,46,1000,11000
CORN,35,50,59,1657,5331
CORN,36,41,50,1726,15241
CORN,25,55,55,2207,7963
CORN,37,42,55,2800,20468
CORN,25,55,55,2824,8421
CORN,36,40,54,4565,41619
CORN,36,35,45,6097,22498
CORN,34,55,62,5320,41278
CORN,36,35,45,5875,23007
CORN,34,45,52,4371,30973
CORN,37,40,46,5752,18234
CORN,25,55,55,4985,37158
CORN,34,55,62,9103,36330
CORN,36,41,50,5771,46324
CORN,37,42,55,6400,6500
CORN,36,41,50,300,1100
CORN,35,50,59,6400,8600
CORN,37,42,55,300,1400
CORN,25,55,55,6419,9134
CORN,36,41,50,606,2934
CORN,36,40,54,6704,6979
CORN,34,45,52,901,4851
CORN,35,50,59,6879,7567
CORN,35,50,59,1098,7107
CORN,34,55,62,6976,12843
CORN,34,45,52,918,6362
CORN,37,40,46,6910,12445
CORN,36,41,50,1413,7913
CORN,35,50,59,6766,11773
CORN,35,50,59,1452,10497
CORN,35,50,59,6834,12554
CORN,34,45,52,1343,10034
CORN,34,45,52,7042,9253
CORN,37,42,55,1474,11168
CORN,36,35,45,7000,9000
CORN,36,41,50,1000,11000
CORN,36,41,50,6321,9014
CORN,36,35,45,1414,12486
CORN,37,40,46,5913,12926
CORN,36,35,45,1258,9196
CORN,25,55,55,5749,9227
CORN,35,50,59,1021,9308
CORN,25,55,55,6359,25112
CORN,36,35,45,1126,8737
CORN,34,55,62,5837,12830
CORN,35,50,59,1126,7979
CORN,35,50,59,5988,7820
CORN,37,40,46,1248,9303
CORN,34,55,62,5894,9224
CORN,35,50,59,1297,10411
CORN,36,40,54,500,800
CORN,36,41,50,1800,6800
CORN,34,55,62,800,1700
CORN,37,40,46,1600,7900
CORN,34,45,52,908,2580
CORN,36,35,45,2217,10732
CORN,36,35,45,1475,3841
CORN,35,50,59,1810,9745
CORN,36,40,54,1311,3504
CORN,36,41,50,3302,21374
CORN,34,55,62,1990,1928
CORN,37,42,55,2817,19522
CORN,35,50,59,4318,7410
CORN,34,45,52,7265,35591
CORN,25,55,55,3796,17712
CORN,34,55,62,4844,18228
CORN,37,42,55,3609,14970
CORN,36,35,45,5692,22580
CORN,35,50,59,2920,8903
CORN,36,40,54,8671,32100
CORN,36,35,45,4000,15000
CORN,36,41,50,7000,30000
CORN,25,55,55,7861,21964
CORN,34,45,52,7789,33765
CORN,37,42,55,7618,29428
CORN,36,41,50,9471,34010
CORN,37,40,46,8265,22373
CORN,34,55,62,10721,46433
CORN,34,45,52,10420,28176
CORN,37,42,55,10199,63448
CORN,35,50,59,9861,39267
CORN,36,40,54,11245,55359
CORN,36,41,50,13410,40418
CORN,36,35,45,15255,86130
CORN,37,42,55,16616,47705
CORN,37,42,55,14358,110241
CORN,36,40,54,800,1400
CORN,34,45,52,8900,33600
CORN,36,40,54,500,1100
CORN,34,45,52,9200,45800
CORN,34,55,62,927,2634
CORN,25,55,55,10974,53125
CORN,34,55,62,2332,6073
CORN,37,42,55,16357,88066
CORN,34,55,62,845,2259
CORN,37,42,55,12639,81698
CORN,36,40,54,1457,1412
CORN,35,50,59,16683,119534
CORN,34,55,62,3124,5361
CORN,25,55,55,24694,142855
CORN,25,55,55,2148,6345
CORN,37,40,46,21512,134988
CORN,36,40,54,3560,12738
CORN,34,45,52,25564,150904
CORN,37,40,46,2985,8185
CORN,36,41,50,27468,196561
CORN,36,41,50,2000,18000
CORN,35,50,59,34000,226000
CORN,37,40,46,2919,13626
CORN,37,40,46,45181,364972
CORN,37,42,55,2213,11196
CORN,34,55,62,44669,311209
CORN,36,35,45,1960,11550
CORN,36,35,45,42722,296106
CORN,36,41,50,3171,18579
CORN,34,45,52,45188,306058
CORN,37,40,46,3392,15681
CORN,37,40,46,49482,301197
CORN,36,41,50,3156,12649
CORN,34,55,62,50712,369082
CORN,25,55,55,2637,15445
CORN,36,41,50,52635,354444
CORN,37,42,55,2453,2674
CORN,37,42,55,3000,2700
CORN,37,42,55,3234,3719
CORN,36,40,54,3360,3763
CORN,34,45,52,3461,4049
CORN,34,55,62,3490,4257
CORN,35,50,59,3450,4485
CORN,35,50,59,3560,4747
CORN,35,50,59,3995,3885
CORN,35,50,59,3595,3885
CORN,35,50,59,1290,3197
CORN,34,55,62,1520,2725
CORN,25,55,55,1575,2450
CORN,34,45,52,1620,2610
CORN,35,50,59,864,1322
CORN,36,35,45,985,1473
CORN,36,41,50,915,1373
CORN,36,40,54,918,1432
CORN,34,55,62,920,1440
CORN,34,55,62,1460,2090
CORN,35,50,59,762,1204
CORN,25,55,55,1181,1759
CORN,36,35,45,1227,1346
CORN,37,40,46,635,794
CORN,36,41,50,860,1118
CORN,37,42,55,887,1183
CORN,36,40,54,875,1050
CORN,36,40,54,880,1074
CORN,34,45,52,945,1476
CORN,34,55,62,5212,7557
CORN,35,50,59,5225,7628
CORN,37,40,46,6186,8245
CORN,37,40,46,5780,8900
CORN,37,42,55,2550,3050
CORN,34,45,52,936,389
CORN,36,40,54,950,1045
CORN,37,42,55,1393,1533
CORN,37,40,46,1515,1697
CORN,25,55,55,1846,1770
CORN,34,55,62,1334,1504
CORN,36,40,54,1350,1550
CORN,36,41,50,1350,1550
CORN,36,35,45,1750,2362
CORN,35,50,59,1806,2500
CORN,34,45,52,1825,2590
CORN,36,40,54,1828,2650
CORN,36,41,50,1828,2650
CORN,36,35,45,1485,2652
CORN,37,40,46,1601,3042
CORN,34,45,52,1770,3468
CORN,34,55,62,1731,3115
CORN,34,55,62,2750,5300
CORN,34,55,62,1830,3200
CORN,34,55,62,2010,2697
CORN,34,55,62,1995,3481
CORN,36,40,54,2318,3220
CORN,37,42,55,4298,3497
CORN,36,41,50,2453,3131
CORN,37,40,46,2490,3211
CORN,36,41,50,2500,3245
CORN,37,40,46,2510,3295
CORN,36,35,45,2590,3488
CORN,25,55,55,2615,3608
CORN,35,50,59,2635,3636
CORN,34,55,62,2700,4038
CORN,34,45,52,2332,4196
CORN,35,50,59,2478,4717
CORN,36,40,54,2690,5060
CORN,34,55,62,2740,5253
CORN,25,55,55,800,1000
CORN,36,35,45,2760,5330
CORN,36,41,50,2718,5350
CORN,36,40,54,2760,5401
CORN,34,45,52,2845,5570
CORN,34,55,62,2883,6444
CORN,35,50,59,2900,5348
CORN,25,55,55,2900,6491
CORN,36,35,45,3089,7908
CORN,37,40,46,3243,8303
CORN,36,41,50,3346,8789
CORN,37,42,55,4050,8100
CORN,36,40,54,4188,8231
CORN,34,45,52,4252,8633
CORN,34,55,62,1450,1840
CORN,35,50,59,1350,1714
CORN,36,35,45,1350,1714
CORN,36,35,45,1470,1870
CORN,34,55,62,1600,2159
CORN,34,45,52,500,750
CORN,37,42,55,500,750
CORN,37,40,46,500,750
CORN,25,55,55,550,793
CORN,34,55,62,568,839
CORN,36,40,54,570,843
CORN,37,42,55,134,197
CORN,36,35,45,134,197
CORN,34,55,62,7375,6099
CORN,25,55,55,7784,7196
CORN,34,45,52,8925,8925
CORN,35,50,59,8680,8732
CORN,36,35,45,5800,8120
CORN,36,41,50,9041,10126
CORN,36,40,54,9058,9964
CORN,34,55,62,4657,5123
CORN,35,50,59,7440,8481
CORN,25,55,55,8023,11221
CORN,36,35,45,8325,8855
CORN,37,40,46,8585,10044
CORN,36,41,50,8596,10315
CORN,37,42,55,9960,12114
CORN,36,40,54,10278,12823
CORN,34,45,52,10340,12218
CORN,34,45,52,10325,12348
CORN,34,55,62,10390,12850
CORN,35,50,59,1530,3506
CORN,34,45,52,1595,3900
CORN,36,41,50,5400,8910
CORN,37,42,55,5450,9810
CORN,34,45,52,5500,9365
CORN,34,55,62,5600,9520
CORN,35,50,59,7500,9745
CORN,25,55,55,7680,9984
CORN,36,35,45,7726,10044
CORN,37,40,46,7803,10144
CORN,36,41,50,7885,10251
CORN,37,42,55,8137,10852
CORN,36,40,54,8090,10517
CORN,36,40,54,8199,10589
CORN,34,45,52,8264,11091
CORN,34,55,62,3794,6876
CORN,25,55,55,4178,4787
CORN,34,45,52,540,635
CORN,34,55,62,4510,5412
CORN,25,55,55,1000,1750
CORN,37,40,46,3380,4307
CORN,37,42,55,1451,1836
CORN,37,42,55,1596,2011
CORN,37,42,55,1672,2189
CORN,36,41,50,1697,2222
CORN,36,41,50,559,1118
CORN,36,41,50,570,1123
CORN,36,41,50,620,1221
CORN,37,40,46,625,1231
CORN,36,35,45,645,1303
CORN,25,55,55,646,1305
CORN,35,50,59,650,1333
CORN,34,55,62,715,1735
CORN,34,55,62,1460,2305
CORN,25,55,55,1607,1935
CORN,36,40,54,1800,2600
CORN,34,45,52,1950,2356
CORN,34,55,62,2145,2591
CORN,35,50,59,2240,2700
CORN,36,35,45,2093,2833
CORN,37,40,46,2400,3240
CORN,36,41,50,2500,3497
CORN,37,42,55,2500,4500
CORN,36,41,50,2400,4320
CORN,37,42,55,2000,3700
CORN,36,40,54,2200,4400
CORN,34,45,52,2207,4193
CORN,34,55,62,2278,4438
CORN,35,50,59,2196,4557
CORN,25,55,55,2325,4766
CORN,36,35,45,2398,5268
CORN,37,40,46,801,1442
CORN,37,40,46,872,1614
CORN,36,41,50,895,1665
CORN,36,35,45,875,1645
CORN,35,50,59,875,1640
CORN,34,45,52,880,1654
CORN,34,55,62,885,1682
CORN,35,50,59,883,1678
CORN,35,50,59,722,1408
CORN,35,50,59,710,1420
CORN,35,50,59,710,1420
CORN,35,50,59,700,1470
CORN,35,50,59,695,1494
CORN,35,50,59,700,1512
CORN,35,50,59,722,1600
CORN,35,50,59,800,1728
CORN,35,50,59,700,1512
CORN,35,50,59,765,1914
CORN,35,50,59,2480,3100
CORN,25,55,55,2480,1711
CORN,36,40,54,2482,2878
CORN,34,55,62,2535,2892
CORN,25,55,55,1730,3079
CORN,37,40,46,2738,3307
CORN,37,42,55,2737,3310
CORN,36,41,50,2740,3310
CORN,37,42,55,2745,3314
CORN,36,35,45,2745,3319
CORN,36,35,45,2750,3328
CORN,25,55,55,2755,3270
CORN,34,55,62,2630,3275
CORN,36,40,54,2636,3284
CORN,36,41,50,2720,3476
CORN,36,35,45,2722,5444
CORN,25,55,55,1225,2695
CORN,34,55,62,3660,4287
CORN,34,45,52,668,2014
CORN,34,55,62,735,1213
CORN,36,35,45,800,1400
CORN,35,50,59,800,900
CORN,34,45,52,8230,9299
CORN,36,40,54,950,1100
CORN,36,41,50,950,1100
CORN,37,40,46,1152,2305
CORN,25,55,55,1300,2600
CORN,35,50,59,1320,2640
CORN,34,55,62,1320,2020
CORN,34,45,52,1320,1584
CORN,36,40,54,1320,1502
CORN,37,42,55,1320,1502
CORN,36,41,50,1362,1590
CORN,37,40,46,1510,1781
CORN,36,35,45,1535,1845
CORN,25,55,55,1600,2147
CORN,35,50,59,796,1560
CORN,36,35,45,890,1900
CORN,34,55,62,970,1940
CORN,35,50,59,995,2089
CORN,34,55,62,4500,5700
CORN,25,55,55,1025,1942
CORN,37,40,46,1030,1947
CORN,37,42,55,1031,1948
CORN,36,40,54,977,981
CORN,37,42,55,969,1086
CORN,37,42,55,986,1273
CORN,37,42,55,1001,1252
CORN,36,41,50,928,1160
CORN,37,40,46,1025,1169
CORN,36,35,45,1058,1237
CORN,25,55,55,1072,1286
CORN,35,50,59,1074,1360
CORN,34,55,62,1139,1662
CORN,34,45,52,3651,5659
CORN,34,45,52,3654,5664
CORN,25,55,55,3654,4900
CORN,25,55,55,3664,5679
CORN,25,55,55,3667,5684
CORN,25,55,55,3669,5690
CORN,25,55,55,3670,5690
CORN,25,55,55,3671,5691
CORN,35,50,59,2832,4377
CORN,34,55,62,2835,4394
CORN,34,45,52,2836,4538
CORN,36,40,54,2851,4576
CORN,37,42,55,2859,4653
CORN,36,41,50,2860,4659
CORN,37,40,46,2952,4932
CORN,36,35,45,2861,4834
CORN,35,50,59,2861,4864
CORN,34,55,62,2926,5266
CORN,34,45,52,2930,3840
CORN,35,50,59,3165,3165
CORN,36,40,54,3305,4002
CORN,34,55,62,3305,4002
CORN,25,55,55,3545,3825
CORN,37,40,46,3334,4073
CORN,37,42,55,3335,4100
CORN,34,45,52,3299,4071
CORN,34,45,52,3457,4384
CORN,34,45,52,3359,4184
CORN,34,55,62,3442,4319
CORN,35,50,59,3461,4370
CORN,25,55,55,4415,3476
CORN,36,35,45,3480,4443
CORN,37,40,46,3591,4703
CORN,36,41,50,3319,4446
CORN,36,41,50,3334,4487
CORN,36,41,50,3399,4689
CORN,35,50,59,179,134
CORN,37,40,46,210,158
CORN,34,55,62,205,154
CORN,36,40,54,197,148
CORN,37,42,55,193,145
CORN,37,40,46,225,169
CORN,36,35,45,555,472
CORN,37,42,55,285,272
CORN,34,45,52,510,2351
CORN,25,55,55,340,1183
CORN,25,55,55,46,30
CORN,35,50,59,49,32
CORN,25,55,55,46,30
CORN,36,35,45,40,26
CORN,37,40,46,45,29
CORN,34,55,62,45,29
CORN,34,45,52,45,29
CORN,34,45,52,38,25
CORN,36,35,45,42,27
CORN,34,45,52,46,29
CORN,37,42,55,64,41
CORN,37,40,46,331,216
CORN,25,55,55,76,49
CORN,35,50,59,58,44
CORN,37,40,46,63,55
CORN,37,42,55,67,123
CORN,34,55,62,70,221
CORN,34,45,52,375,228
CORN,36,40,54,365,222
CORN,34,45,52,372,226
CORN,34,55,62,375,228
CORN,35,50,59,394,240
CORN,37,42,55,407,248
CORN,36,41,50,359,219
CORN,37,40,46,270,164
CORN,34,45,52,147,89
CORN,37,40,46,157,95
CORN,25,55,55,175,105
CORN,34,55,62,172,105
CORN,36,40,54,177,107
CORN,36,41,50,188,132
CORN,36,40,54,206,160
CORN,34,55,62,421,1839
CORN,25,55,55,894,2598
CORN,34,55,62,65,33
CORN,34,45,52,65,32
CORN,34,45,52,54,27
CORN,34,45,52,62,31
CORN,34,45,52,62,31
CORN,36,35,45,70,35
CORN,35,50,59,75,38
CORN,34,45,52,96,48
CORN,25,55,55,105,52
CORN,37,42,55,105,52
CORN,36,35,45,104,50
CORN,34,55,62,100,50
CORN,37,42,55,98,49
CORN,37,40,46,91,51
CORN,37,42,55,95,60
CORN,36,40,54,99,297
CORN,34,55,62,102,236
CORN,34,55,62,234,143
CORN,36,35,45,442,269
CORN,34,45,52,329,200
CORN,37,42,55,418,254
CORN,37,40,46,406,247
CORN,35,50,59,478,291
CORN,34,55,62,356,250
CORN,36,35,45,516,410
CORN,36,41,50,397,770
CORN,36,40,54,297,864
CORN,37,42,55,811,494
CORN,36,41,50,805,492
CORN,37,42,55,821,501
CORN,36,40,54,801,489
CORN,34,45,52,727,444
CORN,37,40,46,731,446
CORN,36,35,45,713,435
CORN,36,35,45,450,271
CORN,36,40,54,274,165
CORN,35,50,59,271,163
CORN,34,45,52,277,167
CORN,36,35,45,1250,754
CORN,34,55,62,1745,1052
CORN,36,40,54,2237,1528
CORN,34,45,52,2500,1920
CORN,34,55,62,1647,9882
CORN,25,55,55,5085,14207
CORN,34,55,62,512,479
CORN,34,45,52,560,504
CORN,34,55,62,550,500
CORN,35,50,59,515,476
CORN,25,55,55,517,476
CORN,36,40,54,537,488
CORN,37,42,55,540,490
CORN,36,41,50,510,460
CORN,34,55,62,494,444
CORN,36,41,50,316,272
CORN,36,35,45,195,159
CORN,35,50,59,225,186
CORN,34,45,52,220,179
CORN,36,40,54,245,216
CORN,35,50,59,269,332
CORN,36,35,45,308,1739
CORN,37,42,55,304,1367
CORN,36,41,50,267,160
CORN,37,40,46,293,176
CORN,36,41,50,275,165
CORN,37,42,55,269,161
CORN,36,40,54,268,161
CORN,36,35,45,128,76
CORN,25,55,55,134,81
CORN,25,55,55,109,65
CORN,36,41,50,110,66
CORN,34,55,62,95,56
CORN,37,42,55,131,77
CORN,25,55,55,146,88
CORN,34,45,52,423,254
CORN,36,41,50,1148,752
CORN,36,41,50,1140,841
CORN,37,40,46,1176,5098
CORN,37,40,46,1195,3209
CORN,35,50,59,500,268
CORN,34,55,62,472,253
CORN,34,55,62,483,258
CORN,34,55,62,496,265
CORN,34,55,62,455,243
CORN,37,40,46,430,230
CORN,25,55,55,432,231
CORN,34,45,52,150,80
CORN,36,35,45,116,62
CORN,37,40,46,75,28
CORN,36,40,54,119,102
CORN,34,55,62,103,64
CORN,37,40,46,142,100
CORN,25,55,55,125,87
CORN,34,45,52,120,430
CORN,37,42,55,98,249
CORN,34,55,62,1299,974
CORN,36,40,54,1428,1071
CORN,36,40,54,1430,1073
CORN,34,45,52,1539,1154
CORN,34,55,62,1545,1159
CORN,36,41,50,1554,1166
CORN,37,40,46,1414,1061
CORN,36,35,45,1535,1151
CORN,36,40,54,1540,1155
CORN,36,35,45,1564,1173
CORN,35,50,59,1560,1170
CORN,36,40,54,1711,1283
CORN,36,41,50,1835,1376
CORN,37,40,46,1970,1675
CORN,36,41,50,3387,3238
CORN,36,41,50,3441,11259
CORN,37,40,46,3405,11843
CORN,36,40,54,231,134
CORN,37,42,55,230,133
CORN,36,40,54,230,133
CORN,34,45,52,235,136
CORN,34,45,52,200,116
CORN,37,40,46,180,104
CORN,36,35,45,135,78
CORN,36,35,45,132,77
CORN,36,40,54,95,55
CORN,36,35,45,125,73
CORN,35,50,59,130,75
CORN,34,45,52,145,84
CORN,37,42,55,150,87
CORN,36,41,50,114,75
CORN,34,45,52,59,39
CORN,35,50,59,195,410
CORN,37,40,46,245,582
CORN,36,35,45,246,133
CORN,25,55,55,249,134
CORN,36,35,45,254,137
CORN,37,40,46,322,173
CORN,36,41,50,326,176
CORN,35,50,59,312,169
CORN,34,55,62,303,164
CORN,34,45,52,110,58
CORN,36,35,45,215,117
CORN,34,45,52,196,106
CORN,37,42,55,151,82
CORN,37,40,46,199,107
CORN,35,50,59,174,94
CORN,36,40,54,96,61
CORN,34,45,52,7,5
CORN,34,55,62,328,1315
CORN,35,50,59,237,654
CORN,36,40,54,12,5
CORN,36,35,45,5,2
CORN,35,50,59,20,10
CORN,34,55,62,20,8
CORN,34,45,52,35,14
CORN,35,50,59,30,12
CORN,37,42,55,30,12
CORN,34,55,62,1,1
CORN,36,35,45,25,10
CORN,36,40,54,21,8
CORN,25,55,55,42,17
CORN,34,45,52,45,18
CORN,37,40,46,20,9
CORN,34,55,62,20,9
CORN,37,42,55,35,40
CORN,36,41,50,20,34
CORN,25,55,55,52,27
CORN,34,45,52,39,20
CORN,37,42,55,45,24
CORN,37,40,46,68,35
CORN,25,55,55,65,34
CORN,37,40,46,22,11
CORN,35,50,59,23,12
CORN,37,40,46,26,14
CORN,36,41,50,17,9
CORN,34,45,52,26,14
CORN,36,35,45,24,13
CORN,34,55,62,62,32
CORN,37,42,55,69,36
CORN,37,40,46,22,13
CORN,37,40,46,28,20
CORN,36,41,50,29,117
CORN,36,40,54,25,63
CORN,36,41,50,400,248
CORN,37,40,46,313,194
CORN,36,41,50,302,187
CORN,37,42,55,355,220
CORN,36,40,54,317,197
CORN,36,35,45,287,178
CORN,25,55,55,260,161
CORN,25,55,55,171,106
CORN,37,42,55,149,93
CORN,25,55,55,292,181
CORN,34,55,62,198,122
CORN,36,40,54,208,129
CORN,36,41,50,217,134
CORN,37,40,46,241,172
CORN,36,40,54,246,197
CORN,34,55,62,245,889
CORN,36,35,45,246,713
CORN,25,55,55,43,27
CORN,37,40,46,40,25
CORN,34,55,62,34,21
CORN,36,40,54,48,30
CORN,36,41,50,45,28
CORN,36,35,45,58,36
CORN,25,55,55,60,42
CORN,36,41,50,60,42
CORN,36,40,54,64,228
CORN,35,50,59,66,167
CORN,34,55,62,10585,9222
CORN,34,45,52,10561,8038
CORN,34,55,62,10561,8219
CORN,35,50,59,10622,8505
CORN,25,55,55,10206,7952
CORN,36,40,54,10646,8373
CORN,37,42,55,10730,8457
CORN,37,40,46,10782,8473
CORN,34,45,52,10782,8473
CORN,36,35,45,10782,8465
CORN,34,55,62,10582,8328
CORN,36,40,54,10607,8348
CORN,36,41,50,10230,8076
CORN,37,40,46,10269,9187
CORN,36,40,54,10285,10354
CORN,34,55,62,10601,23450
CORN,36,35,45,10375,37969
CORN,25,55,55,5,3
CORN,36,41,50,5,3
CORN,25,55,55,10,6
CORN,34,55,62,8,4
CORN,36,41,50,12,7
CORN,36,41,50,12,7
CORN,37,42,55,12,7
CORN,37,42,55,13,7
CORN,36,41,50,13,7
CORN,37,40,46,15,8
CORN,36,41,50,10,5
CORN,36,40,54,16,7
CORN,25,55,55,20,10
CORN,36,40,54,22,13
CORN,36,40,54,22,13
CORN,36,40,54,32,73
CORN,36,40,54,35,74
CORN,37,40,46,770,400
CORN,36,35,45,920,478
CORN,37,40,46,993,517
CORN,36,41,50,1025,533
CORN,37,42,55,1045,543
CORN,25,55,55,1065,554
CORN,35,50,59,1085,564
CORN,35,50,59,967,503
CORN,36,41,50,933,485
CORN,35,50,59,624,324
CORN,34,45,52,668,346
CORN,37,42,55,1055,549
CORN,37,40,46,768,399
CORN,36,35,45,925,512
CORN,37,42,55,935,613
CORN,34,45,52,930,2753
CORN,25,55,55,935,2230
CORN,25,55,55,258,154
CORN,34,55,62,267,160
CORN,35,50,59,265,159
CORN,25,55,55,259,155
CORN,36,35,45,263,158
CORN,34,45,52,267,160
CORN,36,40,54,269,161
CORN,37,42,55,233,139
CORN,35,50,59,243,145
CORN,37,42,55,243,145
CORN,37,40,46,155,93
CORN,25,55,55,150,90
CORN,34,55,62,155,93
CORN,34,45,52,140,95
CORN,25,55,55,165,125
CORN,37,40,46,165,565
CORN,36,40,54,103,462
CORN,36,40,54,79,32
CORN,36,40,54,79,32
CORN,34,45,52,80,32
CORN,34,55,62,80,32
CORN,35,50,59,60,24
CORN,37,42,55,80,32
CORN,36,41,50,80,32
CORN,36,41,50,40,16
CORN,34,55,62,25,10
CORN,36,41,50,21,8
CORN,36,35,45,21,8
CORN,35,50,59,25,10
CORN,34,45,52,45,18
CORN,37,42,55,66,30
CORN,34,55,62,250,113
CORN,25,55,55,186,803
CORN,36,41,50,200,330
CORN,37,40,46,481,321
CORN,36,35,45,475,316
CORN,37,40,46,500,332
CORN,36,41,50,520,343
CORN,37,42,55,559,367
CORN,25,55,55,532,348
CORN,35,50,59,604,385
CORN,35,50,59,485,322
CORN,36,41,50,410,275
CORN,35,50,59,398,269
CORN,34,45,52,88,50
CORN,37,42,55,415,278
CORN,37,40,46,435,294
CORN,36,35,45,428,331
CORN,37,42,55,453,392
CORN,34,45,52,529,2074
CORN,25,55,55,593,1826
CORN,35,50,59,350,263
CORN,34,55,62,535,401
CORN,35,50,59,399,299
CORN,25,55,55,399,299
CORN,36,35,45,399,299
CORN,34,45,52,350,263
CORN,36,40,54,340,255
CORN,36,40,54,167,125
CORN,25,55,55,90,68
CORN,36,40,54,85,64
CORN,36,41,50,30,22
CORN,36,35,45,35,26
CORN,35,50,59,35,26
CORN,34,55,62,46,39
CORN,36,35,45,110,93
CORN,36,41,50,115,496
CORN,34,45,52,70,215
CORN,34,45,52,55,37
CORN,37,42,55,50,34
CORN,37,42,55,52,35
CORN,37,42,55,53,36
CORN,37,42,55,56,38
CORN,35,50,59,61,42
CORN,34,45,52,67,46
CORN,36,41,50,98,68
CORN,34,45,52,65,44
CORN,36,35,45,73,50
CORN,34,55,62,36,25
CORN,37,40,46,66,45
CORN,34,45,52,72,50
CORN,36,41,50,44,35
CORN,37,42,55,38,34
CORN,37,42,55,36,97
CORN,34,45,52,32,105
CORN,36,41,50,760,442
CORN,36,35,45,965,590
CORN,37,40,46,1036,628
CORN,36,41,50,1101,661
CORN,37,42,55,1150,696
CORN,25,55,55,1053,615
CORN,35,50,59,1000,582
CORN,35,50,59,1005,587
CORN,36,41,50,866,507
CORN,35,50,59,901,524
CORN,34,45,52,642,373
CORN,37,42,55,444,253
CORN,37,40,46,504,287
CORN,36,35,45,521,338
CORN,37,42,55,1151,828
CORN,34,45,52,866,4560
CORN,25,55,55,1420,7323
CORN,35,50,59,1057,634
CORN,34,55,62,1080,648
CORN,34,55,62,930,558
CORN,34,55,62,1077,646
CORN,34,45,52,894,536
CORN,25,55,55,1013,608
CORN,35,50,59,919,551
CORN,34,55,62,892,535
CORN,36,35,45,967,580
CORN,36,40,54,985,591
CORN,37,40,46,935,561
CORN,34,55,62,755,453
CORN,37,42,55,888,533
CORN,37,40,46,763,528
CORN,37,42,55,773,602
CORN,37,42,55,921,3455
CORN,36,40,54,966,2732
CORN,37,42,55,233,146
CORN,34,55,62,383,239
CORN,37,40,46,333,208
CORN,25,55,55,447,279
CORN,36,40,54,559,349
CORN,36,41,50,527,329
CORN,37,40,46,530,375
CORN,36,40,54,507,404
CORN,37,42,55,605,1885
CORN,36,40,54,595,1723
CORN,37,42,55,3919,8691
CORN,37,40,46,3250,7543
CORN,34,55,62,6134,18485
CORN,34,45,52,5759,7097
CORN,34,55,62,3205,7936
CORN,37,40,46,6905,9059
CORN,36,40,54,6572,12074
CORN,34,55,62,4857,10302
CORN,36,40,54,8272,9814
CORN,37,42,55,6964,9450
CORN,25,55,55,4239,6986
CORN,34,55,62,7239,18465
CORN,25,55,55,9151,15664
CORN,37,40,46,3336,7476
CORN,34,55,62,5954,16500
CORN,25,55,55,3040,5521
CORN,36,35,45,3651,6389
CORN,34,45,52,6878,13040
CORN,36,35,45,3077,6389
CORN,36,40,54,3949,13040
CORN,37,40,46,5190,11754
CORN,36,40,54,7001,19755
CORN,25,55,55,3645,11223
CORN,34,45,52,4915,13384
CORN,25,55,55,8066,22393
CORN,36,41,50,9283,16970
CORN,35,50,59,7117,21252
CORN,35,50,59,8602,21676
CORN,36,35,45,864,2477
CORN,34,55,62,8099,38893
CORN,37,40,46,6671,21639
CORN,25,55,55,9583,44456
CORN,34,45,52,9808,37820
CORN,25,55,55,7321,24450
CORN,37,40,46,9583,45404
CORN,36,35,45,8439,30053
CORN,25,55,55,2891,12127
CORN,37,42,55,4985,13160
CORN,36,35,45,13795,41213
CORN,36,40,54,3646,12875
CORN,36,35,45,6808,44177
CORN,34,55,62,10025,52599
CORN,36,41,50,3661,13186
CORN,25,55,55,5897,21984
CORN,34,45,52,17530,74853
CORN,36,35,45,3661,23707
CORN,34,45,52,5897,17573
CORN,37,42,55,17530,67718
CORN,35,50,59,9917,55868
CORN,37,42,55,19069,116073
CORN,36,35,45,23476,125245
CORN,34,45,52,7437,33584
CORN,35,50,59,18346,81365
CORN,36,41,50,18525,74348
CORN,37,40,46,250,428
CORN,37,42,55,34,103
CORN,25,55,55,112,322
CORN,34,55,62,632,840
CORN,36,35,45,50,155
CORN,34,45,52,116,328
CORN,36,41,50,397,533
CORN,34,45,52,277,844
CORN,37,40,46,113,268
CORN,34,45,52,459,619
CORN,37,40,46,216,864
CORN,35,50,59,178,627
CORN,25,55,55,450,519
CORN,25,55,55,199,701
CORN,35,50,59,149,480
CORN,34,45,52,278,406
CORN,25,55,55,291,757
CORN,34,45,52,174,538
CORN,36,35,45,325,587
CORN,36,41,50,282,1094
CORN,25,55,55,168,671
CORN,37,42,55,351,718
CORN,36,41,50,205,940
CORN,25,55,55,201,898
CORN,36,41,50,351,1236
CORN,36,35,45,205,669
CORN,34,45,52,201,1095
CORN,36,35,45,327,860
CORN,37,42,55,269,1224
CORN,25,55,55,211,1017
CORN,37,42,55,227,569
CORN,34,55,62,277,1006
CORN,36,41,50,137,577
CORN,36,35,45,222,274
CORN,34,55,62,6,18
CORN,36,41,50,25,47
CORN,34,55,62,530,613
CORN,34,45,52,11,33
CORN,36,35,45,24,46
CORN,25,55,55,364,494
CORN,25,55,55,1,3
CORN,36,40,54,13,30
CORN,34,55,62,522,376
CORN,37,40,46,3,8
CORN,35,50,59,4,12
CORN,34,55,62,384,456
CORN,37,42,55,3,10
CORN,37,40,46,4,10
CORN,36,41,50,505,548
CORN,25,55,55,35,91
CORN,36,40,54,3,9
CORN,25,55,55,418,714
CORN,36,41,50,20,61
CORN,35,50,59,20,55
CORN,36,35,45,431,501
CORN,36,41,50,7,22
CORN,25,55,55,12,40
CORN,37,40,46,787,1112
CORN,37,42,55,10,30
CORN,37,42,55,572,935
CORN,36,40,54,7,25
CORN,36,35,45,12,39
CORN,37,42,55,500,729
CORN,34,55,62,1,4
CORN,37,42,55,8,27
CORN,34,45,52,77,88
CORN,36,35,45,1,4
CORN,25,55,55,3,10
CORN,35,50,59,300,394
CORN,36,40,54,9,28
CORN,25,55,55,275,480
CORN,37,42,55,9,36
CORN,35,50,59,490,889
CORN,37,42,55,477,1592
CORN,35,50,59,3,10
CORN,37,42,55,5,19
CORN,35,50,59,338,781
CORN,34,55,62,5,24
CORN,37,40,46,339,672
CORN,37,42,55,8,29
CORN,25,55,55,2,9
CORN,34,55,62,9135,6725
CORN,36,40,54,1362,3295
CORN,36,35,45,1475,3060
CORN,36,40,54,7782,7888
CORN,37,42,55,2523,4014
CORN,25,55,55,2108,2650
CORN,37,40,46,10021,11632
CORN,36,35,45,3238,4135
CORN,25,55,55,3429,8486
CORN,25,55,55,11579,15486
CORN,36,35,45,2166,5976
CORN,25,55,55,2580,8887
CORN,25,55,55,7921,13007
CORN,34,45,52,2642,3025
CORN,37,42,55,2779,8954
CORN,36,41,50,9526,11735
CORN,35,50,59,1624,3501
CORN,36,40,54,2449,6383
CORN,25,55,55,8371,19547
CORN,37,40,46,1484,4642
CORN,25,55,55,3281,8938
CORN,37,40,46,8011,7782
CORN,37,40,46,1487,4772
CORN,35,50,59,3105,10058
CORN,36,35,45,7008,6833
CORN,37,40,46,2126,3304
CORN,35,50,59,3310,9123
CORN,35,50,59,6652,8940
CORN,35,50,59,1836,7726
CORN,37,42,55,3726,13113
CORN,34,55,62,9978,13789
CORN,25,55,55,1697,18126
CORN,34,45,52,4666,17871
CORN,36,40,54,9782,15789
CORN,25,55,55,1886,16039
CORN,34,55,62,3829,6982
CORN,36,40,54,6478,18194
CORN,35,50,59,1361,3329
CORN,36,40,54,3538,10071
CORN,36,35,45,7036,17091
CORN,37,40,46,980,2879
CORN,35,50,59,3258,15645
CORN,36,41,50,6857,18941
CORN,36,41,50,999,5331
CORN,25,55,55,3348,18585
CORN,36,41,50,6568,20380
CORN,37,42,55,874,4068
CORN,36,35,45,3059,18840
CORN,36,40,54,7003,19433
CORN,34,55,62,868,3532
CORN,37,42,55,3233,16869
CORN,35,50,59,7070,20688
CORN,25,55,55,683,1679
CORN,36,40,54,3280,13565
CORN,37,42,55,50431,18500
CORN,36,41,50,16685,62869
CORN,36,35,45,407,738
CORN,37,40,46,51968,21217
CORN,36,41,50,17542,58783
CORN,35,50,59,465,1092
CORN,35,50,59,46412,60399
CORN,36,35,45,17116,42140
CORN,25,55,55,1121,3721
CORN,34,55,62,52503,68182
CORN,36,35,45,17669,47229
CORN,25,55,55,3735,10647
CORN,36,41,50,41334,66483
CORN,36,41,50,17557,51266
CORN,25,55,55,3557,8637
CORN,36,41,50,40819,54458
CORN,36,35,45,18009,33299
CORN,34,45,52,3641,9901
CORN,25,55,55,40362,76611
CORN,36,41,50,16840,37284
CORN,36,35,45,3675,11057
CORN,37,40,46,40164,60514
CORN,34,45,52,16845,39788
CORN,36,41,50,3239,7065
CORN,34,45,52,40910,61138
CORN,25,55,55,16733,56089
CORN,34,45,52,3251,6974
CORN,35,50,59,42678,51721
CORN,36,35,45,17164,68175
CORN,34,55,62,3445,11863
CORN,37,40,46,44761,44492
CORN,36,35,45,17595,63008
CORN,34,55,62,3680,13072
CORN,36,35,45,38775,44479
CORN,37,42,55,14549,30611
CORN,37,40,46,3007,9719
CORN,35,50,59,40914,34429
CORN,34,45,52,16621,10072
CORN,37,42,55,4051,9790
CORN,36,35,45,37501,69047
CORN,35,50,59,16654,59455
CORN,34,45,52,2944,9051
CORN,36,41,50,38014,26167
CORN,36,41,50,16269,102234
CORN,36,35,45,3442,11460
CORN,34,45,52,40917,112788
CORN,36,40,54,14549,49758
CORN,37,40,46,4051,20238
CORN,34,55,62,37500,50191
CORN,34,55,62,16134,71877
CORN,36,40,54,2516,7041
CORN,37,40,46,30672,61233
CORN,37,40,46,15264,51684
CORN,25,55,55,2057,8742
CORN,36,35,45,33950,34935
CORN,25,55,55,8820,23990
CORN,34,55,62,9135,18249
CORN,34,55,62,28131,37257
CORN,34,45,52,8536,2787
CORN,37,40,46,7751,10695
CORN,37,42,55,26084,28002
CORN,37,42,55,8649,22885
CORN,37,40,46,7680,18791
CORN,25,55,55,28826,56725
CORN,37,42,55,7486,23199
CORN,37,40,46,7598,24404
CORN,36,40,54,27953,65591
CORN,36,40,54,8224,36087
CORN,37,40,46,7364,23749
CORN,36,40,54,27812,51263
CORN,36,41,50,8737,16059
CORN,25,55,55,9522,24636
CORN,36,40,54,29353,51402
CORN,35,50,59,10882,23157
CORN,34,45,52,9383,25896
CORN,36,35,45,25109,37755
CORN,37,42,55,10399,31103
CORN,37,40,46,9480,29551
CORN,37,42,55,26201,38811
CORN,34,45,52,10516,22357
CORN,37,42,55,10328,28602
CORN,36,40,54,25812,35553
CORN,34,45,52,10838,42691
CORN,36,41,50,7788,26655
CORN,34,55,62,25146,21413
CORN,34,45,52,10402,42894
CORN,36,40,54,7103,26205
CORN,36,35,45,22636,21247
CORN,36,41,50,8020,56068
CORN,37,42,55,5146,9269
CORN,37,42,55,20456,29309
CORN,36,41,50,7784,20308
CORN,36,35,45,7038,20237
CORN,34,55,62,20751,47041
CORN,34,45,52,12613,61060
CORN,37,42,55,6103,29759
CORN,36,35,45,22869,64879
CORN,25,55,55,16580,88471
CORN,34,55,62,9476,50628
CORN,36,41,50,18193,104118
CORN,36,41,50,17135,115576
CORN,36,35,45,9476,53733
CORN,34,55,62,16197,79763
CORN,34,55,62,18475,141167
CORN,37,42,55,9971,51908
CORN,36,35,45,17559,69304
CORN,36,35,45,18452,45355
CORN,34,55,62,10051,41149
CORN,35,50,59,1887,1384
CORN,34,45,52,25,39
CORN,37,40,46,101,208
CORN,34,55,62,1900,1996
CORN,34,45,52,27,81
CORN,36,35,45,140,370
CORN,37,42,55,2508,2280
CORN,37,42,55,39,117
CORN,36,35,45,139,330
CORN,37,40,46,2510,2876
CORN,36,40,54,68,105
CORN,37,40,46,199,511
CORN,34,55,62,2573,3174
CORN,37,40,46,6,9
CORN,35,50,59,244,503
CORN,34,45,52,2549,4722
CORN,35,50,59,6,13
CORN,37,42,55,244,695
CORN,35,50,59,2538,2016
CORN,25,55,55,7,18
CORN,36,40,54,755,2163
CORN,37,40,46,3543,5878
CORN,37,42,55,57,279
CORN,25,55,55,791,2267
CORN,36,40,54,2920,4924
CORN,35,50,59,47,115
CORN,36,40,54,756,1895
CORN,37,42,55,2870,4497
CORN,34,45,52,53,119
CORN,37,40,46,728,2386
CORN,34,45,52,3990,4530
CORN,36,40,54,58,138
CORN,37,40,46,852,2839
CORN,37,40,46,3955,2318
CORN,36,41,50,53,50
CORN,37,40,46,835,2696
CORN,36,35,45,3969,8423
CORN,25,55,55,68,92
CORN,34,45,52,889,2744
CORN,37,40,46,3973,9703
CORN,36,35,45,71,213
CORN,34,55,62,884,3566
CORN,36,41,50,3967,5483
CORN,37,40,46,71,227
CORN,35,50,59,906,4014
CORN,36,41,50,2852,7393
CORN,36,35,45,67,257
CORN,36,40,54,906,4690
CORN,36,35,45,2609,3955
CORN,35,50,59,66,249
CORN,37,42,55,872,4203
CORN,35,50,59,2558,5069
CORN,34,45,52,57,151
CORN,37,40,46,839,3493
CORN,25,55,55,1132,593
CORN,37,40,46,69,130
CORN,36,40,54,966,1786
CORN,36,41,50,10,30
CORN,25,55,55,1121,2236
CORN,34,55,62,11,33
CORN,36,40,54,1168,2396
CORN,37,42,55,11,17
CORN,36,35,45,15,38
CORN,25,55,55,1295,2195
CORN,36,41,50,11,16
CORN,36,35,45,16,33
CORN,25,55,55,1216,1897
CORN,37,40,46,15,32
CORN,25,55,55,16,37
CORN,36,41,50,1300,1599
CORN,37,40,46,12,31
CORN,35,50,59,142,413
CORN,36,35,45,3908,5026
CORN,34,45,52,134,358
CORN,36,40,54,3436,4287
CORN,36,40,54,82,201
CORN,36,35,45,87,206
CORN,36,41,50,4117,4408
CORN,36,41,50,81,182
CORN,35,50,59,88,265
CORN,37,40,46,3786,4127
CORN,37,42,55,84,200
CORN,36,35,45,101,294
CORN,35,50,59,114,150
CORN,36,41,50,62,59
CORN,36,35,45,104,333
CORN,34,55,62,1500,1436
CORN,25,55,55,38,52
CORN,34,55,62,26,81
CORN,36,35,45,1847,2749
CORN,36,41,50,3,9
CORN,25,55,55,29,116
CORN,36,41,50,2101,4530
CORN,37,42,55,11,35
CORN,37,40,46,27,119
CORN,36,40,54,2399,7404
CORN,36,40,54,10,38
CORN,36,41,50,19,119
CORN,34,55,62,2093,2776
CORN,35,50,59,11,42
CORN,34,45,52,27,130
CORN,36,35,45,1317,1873
CORN,36,41,50,8,21
CORN,36,35,45,34,132
CORN,35,50,59,1514,2095
CORN,34,55,62,5615,9113
CORN,37,42,55,3218,6008
CORN,37,40,46,1246,1915
CORN,37,40,46,5709,13884
CORN,34,45,52,2779,4594
CORN,37,42,55,1184,2430
CORN,37,42,55,5484,14302
CORN,36,35,45,2411,5801
CORN,34,55,62,1106,1899
CORN,34,55,62,5452,10446
CORN,37,42,55,2344,7074
CORN,34,45,52,876,1537
CORN,25,55,55,5572,8759
CORN,37,42,55,2497,3992
CORN,34,55,62,1049,1606
CORN,36,40,54,7044,18822
CORN,37,40,46,1835,4243
CORN,36,35,45,727,854
CORN,37,40,46,8048,16273
CORN,35,50,59,2050,3928
CORN,34,55,62,1885,2464
CORN,25,55,55,7220,15133
CORN,34,45,52,2006,4126
CORN,34,45,52,2212,2885
CORN,35,50,59,7544,15179
CORN,36,40,54,3421,8687
CORN,36,35,45,2198,3424
CORN,36,35,45,7871,22424
CORN,34,45,52,3349,10519
CORN,36,35,45,2607,780
CORN,36,41,50,7553,26496
CORN,37,40,46,3305,10011
CORN,36,40,54,2027,2181
CORN,25,55,55,7671,30178
CORN,36,35,45,2197,7096
CORN,34,55,62,1799,2617
CORN,37,40,46,8959,30272
CORN,25,55,55,2629,8109
CORN,36,40,54,2407,5122
CORN,35,50,59,15746,47269
CORN,36,40,54,2353,10476
CORN,36,35,45,1837,4398
CORN,37,42,55,15478,38045
CORN,36,35,45,2287,7920
CORN,36,40,54,1794,8149
CORN,34,55,62,15620,50968
CORN,36,40,54,2238,11040
CORN,36,35,45,1593,5141
CORN,36,41,50,15538,35706
CORN,36,35,45,2291,11044
CORN,34,45,52,1655,4394
CORN,34,55,62,12522,37140
CORN,36,40,54,581,1708
CORN,35,50,59,8977,11257
CORN,34,55,62,110,330
CORN,37,42,55,986,2017
CORN,36,40,54,9751,8243
CORN,37,42,55,56,167
CORN,35,50,59,712,1577
CORN,36,40,54,4027,4961
CORN,34,45,52,136,409
CORN,37,42,55,842,1997
CORN,35,50,59,3983,3005
CORN,36,41,50,94,274
CORN,36,35,45,974,2671
CORN,36,41,50,3244,3931
CORN,36,40,54,991,2289
CORN,36,40,54,3071,3775
CORN,37,40,46,381,994
CORN,25,55,55,1702,5492
CORN,36,41,50,4855,8303
CORN,34,55,62,238,721
CORN,37,42,55,2004,5572
CORN,36,40,54,6506,9265
CORN,25,55,55,151,467
CORN,36,40,54,1628,4908
CORN,36,40,54,4925,6267
CORN,25,55,55,98,299
CORN,34,55,62,1216,2997
CORN,34,55,62,4940,6723
CORN,37,40,46,90,325
CORN,35,50,59,1226,4177
CORN,36,41,50,4626,6634
CORN,37,42,55,66,264
CORN,36,41,50,1172,4218
CORN,34,45,52,3862,4598
CORN,35,50,59,88,310
CORN,35,50,59,747,2417
CORN,34,55,62,4941,7168
CORN,36,41,50,62,161
CORN,36,35,45,657,2036
CORN,36,40,54,2863,6080
CORN,37,42,55,173,671
CORN,37,40,46,508,2140
CORN,34,55,62,4374,8933
CORN,34,55,62,94,431
CORN,37,42,55,689,3073
CORN,35,50,59,5476,20827
CORN,25,55,55,94,307
CORN,34,45,52,689,3734
CORN,37,40,46,6430,16687
CORN,37,40,46,258,1174
CORN,35,50,59,1165,5616
CORN,36,41,50,6357,12382
CORN,36,41,50,226,820
CORN,25,55,55,848,3480
CORN,25,55,55,9381,17890
CORN,34,55,62,8109,22973
CORN,37,42,55,2724,5497
CORN,36,41,50,9734,8933
CORN,37,42,55,7096,18513
CORN,25,55,55,2125,2326
CORN,34,45,52,9323,13056
CORN,36,40,54,5321,14931
CORN,37,42,55,2179,5440
CORN,34,55,62,10607,27203
CORN,36,41,50,5886,20236
CORN,37,40,46,2014,4051
CORN,37,42,55,7234,12278
CORN,36,40,54,5798,18948
CORN,37,40,46,2018,4902
CORN,36,40,54,8686,10853
CORN,36,40,54,6349,7822
CORN,37,40,46,2001,5216
CORN,36,41,50,11069,13453
CORN,34,55,62,6407,21130
CORN,37,42,55,1957,7595
CORN,36,40,54,8631,13984
CORN,35,50,59,6206,16551
CORN,36,40,54,1876,6112
CORN,36,41,50,8009,13036
CORN,36,40,54,6405,11209
CORN,37,40,46,1906,3174
CORN,37,40,46,7592,11414
CORN,37,40,46,5626,11134
CORN,34,55,62,1707,5611
CORN,36,35,45,7375,3850
CORN,34,55,62,5702,11849
CORN,37,42,55,1998,3660
CORN,34,55,62,7727,9680
CORN,34,45,52,5378,9159
CORN,36,40,54,1495,4879
CORN,36,41,50,8102,9425
CORN,25,55,55,5789,29692
CORN,34,45,52,1587,2727
CORN,37,40,46,8468,4286
CORN,34,55,62,5964,29331
CORN,37,42,55,1934,5699
CORN,25,55,55,6775,13228
CORN,36,41,50,5193,18456
CORN,35,50,59,1899,7023
CORN,36,41,50,6758,22279
CORN,37,42,55,5461,18698
CORN,25,55,55,2018,5731
CORN,36,40,54,6044,15786
CORN,37,42,55,4578,12425
CORN,25,55,55,1392,6708
CORN,36,40,54,5803,14214
CORN,37,42,55,9399,25819
CORN,25,55,55,1488,5162
CORN,34,45,52,4680,5800
CORN,37,40,46,388,1465
CORN,34,45,52,297,647
CORN,34,55,62,3634,617
CORN,37,42,55,173,619
CORN,35,50,59,370,919
CORN,35,50,59,5070,8085
CORN,34,45,52,215,786
CORN,36,41,50,833,2922
CORN,36,41,50,5758,7525
CORN,37,42,55,125,458
CORN,36,35,45,345,957
CORN,34,45,52,5382,9965
CORN,25,55,55,171,646
CORN,34,45,52,341,803
CORN,37,40,46,5949,6331
CORN,37,42,55,273,616
CORN,36,35,45,311,613
CORN,36,35,45,6101,8309
CORN,37,40,46,226,742
CORN,35,50,59,323,1077
CORN,35,50,59,5633,2980
CORN,35,50,59,216,682
CORN,36,40,54,349,771
CORN,36,40,54,5330,2896
CORN,37,42,55,56,221
CORN,36,35,45,164,342
CORN,35,50,59,4725,4495
CORN,34,55,62,92,455
CORN,37,42,55,216,661
CORN,34,55,62,4135,14158
CORN,35,50,59,211,1063
CORN,36,40,54,202,596
CORN,36,35,45,3967,5977
CORN,36,35,45,211,793
CORN,35,50,59,225,720
CORN,37,42,55,2753,4614
CORN,34,45,52,15,39
CORN,36,35,45,32,48
CORN,36,40,54,2746,7008
CORN,34,55,62,20,84
CORN,36,41,50,34,79
CORN,34,55,62,2754,6743
CORN,25,55,55,20,126
CORN,36,40,54,37,135
CORN,35,50,59,2602,3433
CORN,36,35,45,20,68
CORN,34,45,52,39,235
CORN,36,35,45,2672,3981
CORN,37,42,55,24,106
CORN,25,55,55,85,167
CORN,37,42,55,2065,3597
CORN,36,40,54,227,785
CORN,36,35,45,506,1968
CORN,25,55,55,8,10
CORN,34,55,62,670,2011
CORN,36,41,50,214,452
CORN,35,50,59,8,8
CORN,35,50,59,464,1384
CORN,36,41,50,204,475
CORN,35,50,59,9,12
CORN,35,50,59,291,876
CORN,37,42,55,181,435
CORN,35,50,59,284,212
CORN,37,40,46,243,710
CORN,35,50,59,290,789
CORN,25,55,55,673,6807
CORN,34,55,62,178,591
CORN,37,42,55,362,900
CORN,34,45,52,705,813
CORN,37,40,46,219,572
CORN,35,50,59,249,684
CORN,34,55,62,354,605
CORN,25,55,55,139,421
CORN,36,40,54,185,516
CORN,36,35,45,353,470
CORN,36,41,50,168,520
CORN,35,50,59,158,493
CORN,36,40,54,308,330
CORN,34,55,62,134,408
CORN,36,41,50,148,362
CORN,34,55,62,690,959
CORN,25,55,55,195,705
CORN,34,45,52,395,1403
CORN,36,35,45,1192,1510
CORN,34,45,52,60,240
CORN,36,41,50,187,665
CORN,37,42,55,561,645
CORN,34,55,62,37,130
CORN,34,45,52,193,626
CORN,37,42,55,538,783
CORN,34,45,52,40,104
CORN,36,41,50,190,590
CORN,34,55,62,518,938
CORN,25,55,55,51,198
CORN,36,40,54,197,769
CORN,25,55,55,1015,2063
CORN,37,40,46,56,257
CORN,35,50,59,215,974
CORN,37,40,46,1027,3608
CORN,34,45,52,67,219
CORN,36,41,50,216,1299
CORN,34,55,62,1115,3069
CORN,37,40,46,60,273
CORN,35,50,59,224,1080
CORN,36,41,50,178,412
CORN,36,40,54,54,196
CORN,37,40,46,219,922
CORN,36,35,45,263,134
CORN,37,42,55,12,23
CORN,37,40,46,240,446
CORN,34,55,62,11,24
CORN,36,41,50,274,610
CORN,25,55,55,12,28
CORN,36,40,54,266,580
CORN,36,41,50,9,26
CORN,36,41,50,269,452
CORN,37,40,46,32,66
CORN,25,55,55,383,601
CORN,34,45,52,1,2
CORN,37,40,46,25,71
CORN,36,40,54,332,408
CORN,34,55,62,197,513
CORN,36,41,50,25,67
CORN,36,40,54,338,436
CORN,34,55,62,5,25
CORN,36,41,50,24,82
CORN,34,45,52,498,701
CORN,36,41,50,26,62
CORN,37,40,46,356,470
CORN,34,55,62,380,195
CORN,36,35,45,85,47
CORN,36,41,50,79,83
CORN,36,35,45,225,252
CORN,37,40,46,215,476
CORN,34,55,62,24,110
CORN,36,35,45,424,923
CORN,37,42,55,35,220
CORN,35,50,59,383,984
CORN,37,40,46,41,198
CORN,34,45,52,330,259
CORN,25,55,55,45,191
CORN,36,35,45,11884,20742
CORN,36,35,45,8169,27864
CORN,35,50,59,7967,25248
CORN,35,50,59,9092,5817
CORN,25,55,55,8051,22808
CORN,37,42,55,6073,24262
CORN,34,45,52,18878,17509
CORN,34,55,62,7741,27364
CORN,36,40,54,11101,27750
CORN,37,42,55,5133,9284
CORN,35,50,59,9308,30623
CORN,36,40,54,7999,21083
CORN,35,50,59,7003,11935
CORN,35,50,59,8367,23645
CORN,36,40,54,8103,18777
CORN,35,50,59,7311,15676
CORN,34,55,62,9209,21896
CORN,36,41,50,9050,15891
CORN,36,40,54,9700,23350
CORN,35,50,59,13331,31341
CORN,36,40,54,10402,24990
CORN,36,40,54,13194,27227
CORN,34,55,62,13496,41554
CORN,37,42,55,9822,25634
CORN,34,45,52,18941,43069
CORN,35,50,59,15753,48094
CORN,34,45,52,15706,32161
CORN,34,45,52,10681,21259
CORN,35,50,59,15519,48931
CORN,36,40,54,14890,71515
CORN,25,55,55,10610,21253
CORN,25,55,55,15991,52003
CORN,34,55,62,16594,59126
CORN,36,41,50,11319,18548
CORN,36,41,50,16997,63569
CORN,36,41,50,18068,54992
CORN,36,41,50,11031,18572
CORN,25,55,55,19041,62017
CORN,34,55,62,17516,60843
CORN,37,42,55,10230,34885
CORN,35,50,59,24458,90079
CORN,34,45,52,16849,67432
CORN,36,41,50,12898,43239
CORN,35,50,59,25043,109889
CORN,34,45,52,21853,70885
CORN,37,40,46,11994,84806
CORN,34,55,62,24879,74139
CORN,36,40,54,21332,134494
CORN,37,40,46,12026,89311
CORN,34,45,52,24859,180178
CORN,36,41,50,21292,103951
CORN,35,50,59,12063,54963
CORN,36,41,50,14582,140089
CORN,36,35,45,20299,110570
CORN,37,40,46,16789,11680
CORN,36,35,45,27790,105102
CORN,34,55,62,2467,3399
CORN,34,55,62,14835,7373
CORN,35,50,59,29522,109674
CORN,37,42,55,2358,4518
CORN,36,41,50,15520,19676
CORN,36,40,54,32782,140241
CORN,37,42,55,2660,8515
CORN,25,55,55,11870,13046
CORN,36,40,54,24577,112317
CORN,37,42,55,8106,22765
CORN,34,45,52,12738,17981
CORN,36,41,50,23532,105659
CORN,36,35,45,7371,17664
CORN,36,41,50,14099,11386
CORN,35,50,59,25400,65049
CORN,34,45,52,8948,21179
CORN,34,55,62,15298,21589
CORN,25,55,55,24745,101380
CORN,34,55,62,9543,30586
CORN,34,55,62,15003,23592
CORN,25,55,55,24559,93963
CORN,34,55,62,8836,19467
CORN,34,45,52,15202,23911
CORN,36,35,45,29868,129448
CORN,34,55,62,7104,14281
CORN,34,55,62,14828,17810
CORN,35,50,59,32400,181926
CORN,36,40,54,7509,25139
CORN,25,55,55,16294,21966
CORN,36,40,54,33411,196223
CORN,36,41,50,6904,24725
CORN,34,45,52,16308,15966
CORN,34,45,52,32130,145485
CORN,34,45,52,5612,18138
CORN,34,45,52,16328,17571
CORN,36,41,50,32412,118433
CORN,36,35,45,6765,16259
CORN,34,45,52,16310,30374
CORN,36,40,54,32643,149864
CORN,36,41,50,6782,21639
CORN,35,50,59,16317,26335
CORN,34,45,52,33708,215765
CORN,37,42,55,7213,24576
CORN,25,55,55,17666,36185
CORN,34,45,52,33708,115281
CORN,37,42,55,7213,34835
CORN,36,35,45,17906,8020
CORN,36,35,45,34158,151491
CORN,35,50,59,8092,25518
CORN,36,40,54,17899,62173
CORN,36,40,54,34162,119465
CORN,36,41,50,8096,33196
CORN,37,42,55,252,449
CORN,36,41,50,195,576
CORN,36,35,45,318,847
CORN,35,50,59,286,246
CORN,36,35,45,164,406
CORN,36,40,54,342,988
CORN,34,55,62,245,325
CORN,25,55,55,3677,11737
CORN,35,50,59,333,643
CORN,34,55,62,163,312
CORN,36,35,45,217,640
CORN,34,45,52,202,512
CORN,25,55,55,202,346
CORN,36,35,45,510,1348
CORN,34,55,62,177,433
CORN,25,55,55,885,1753
CORN,34,55,62,512,1195
CORN,36,41,50,198,418
CORN,36,40,54,173,434
CORN,35,50,59,272,441
CORN,36,40,54,209,465
CORN,34,45,52,161,296
CORN,25,55,55,271,834
CORN,34,45,52,192,533
CORN,34,45,52,151,283
CORN,25,55,55,922,2507
CORN,36,40,54,213,427
CORN,37,42,55,441,952
CORN,36,40,54,4064,14135
CORN,36,35,45,244,1230
CORN,36,40,54,411,834
CORN,36,35,45,784,2596
CORN,34,45,52,221,895
CORN,37,40,46,402,1014
CORN,37,40,46,857,3420
CORN,36,35,45,1550,5634
CORN,36,35,45,532,1484
CORN,37,42,55,743,824
CORN,25,55,55,1519,5658
CORN,34,45,52,483,1657
CORN,36,35,45,747,1312
CORN,34,45,52,1515,5370
CORN,36,41,50,443,1072
CORN,34,45,52,831,1244
CORN,37,40,46,1552,5935
CORN,34,55,62,373,2816
CORN,37,40,46,915,2727
CORN,34,55,62,1652,7050
CORN,37,42,55,349,1406
CORN,35,50,59,981,5902
CORN,36,40,54,1708,8013
CORN,37,40,46,337,654
CORN,34,55,62,995,1805
CORN,36,41,50,1701,7006
CORN,34,45,52,20,76
CORN,36,35,45,32,33
CORN,34,55,62,3049,2515
CORN,36,40,54,4043,4151
CORN,36,35,45,5,18
CORN,34,55,62,45,171
CORN,37,42,55,3849,7550
CORN,36,40,54,80,204
CORN,25,55,55,3455,6996
CORN,37,40,46,78,161
CORN,34,45,52,4444,8921
CORN,34,45,52,122,275
CORN,37,40,46,112,221
CORN,36,41,50,5205,8495
CORN,37,40,46,475,1560
CORN,34,55,62,48,174
CORN,34,45,52,7075,8288
CORN,37,42,55,841,2657
CORN,25,55,55,46,103
CORN,35,50,59,9473,11624
CORN,36,40,54,541,2137
CORN,34,45,52,7601,9496
CORN,36,41,50,541,2673
CORN,35,50,59,10,34
CORN,37,40,46,6007,3655
CORN,34,55,62,486,2450
CORN,36,41,50,4,11
CORN,34,55,62,4619,3142
CORN,37,42,55,486,1827
CORN,37,40,46,3969,4512
CORN,34,55,62,490,1280
CORN,36,41,50,6,8
CORN,36,40,54,2709,5078
CORN,34,55,62,5,11
CORN,36,35,45,7663,24878
CORN,37,42,55,6186,5520
CORN,34,55,62,37,232
CORN,25,55,55,4703,9674
CORN,37,40,46,5106,11620
CORN,36,35,45,6783,19207
CORN,25,55,55,14658,42332
CORN,36,40,54,16361,40492
CORN,36,41,50,6349,7672
CORN,37,42,55,10342,30757
CORN,35,50,59,24638,91273
CORN,25,55,55,5990,19571
CORN,25,55,55,10439,29354
CORN,34,45,52,16678,50331
CORN,36,41,50,9613,24471
CORN,36,40,54,12251,57825
CORN,36,41,50,22545,89149
CORN,37,42,55,6404,8492
CORN,36,41,50,12789,52614
CORN,35,50,59,19568,58528
CORN,35,50,59,7303,19313
CORN,34,55,62,13208,59344
CORN,36,41,50,15783,63342
CORN,36,41,50,6350,17027
CORN,37,42,55,14487,73391
CORN,25,55,55,17366,60828
CORN,25,55,55,4076,10953
CORN,36,41,50,13536,51586
CORN,35,50,59,18225,84483
CORN,35,50,59,4120,11466
CORN,36,35,45,14976,47025
CORN,34,45,52,18530,52644
CORN,34,45,52,3748,9840
CORN,34,55,62,16579,47946
CORN,37,42,55,19483,57051
CORN,35,50,59,3827,11382
CORN,34,45,52,18295,56495
CORN,37,42,55,19760,96793
CORN,25,55,55,3743,9665
CORN,35,50,59,15051,45379
CORN,34,55,62,20919,65057
CORN,34,55,62,7348,20379
CORN,37,40,46,17627,36171
CORN,35,50,59,22640,61373
CORN,37,42,55,6885,12644
CORN,35,50,59,13753,49194
CORN,36,40,54,21556,67764
CORN,36,35,45,6527,25479
CORN,37,42,55,16207,112882
CORN,36,35,45,20622,137680
CORN,36,40,54,7023,55929
CORN,35,50,59,16207,52883
CORN,36,40,54,20622,161037
CORN,36,35,45,8751,37137
CORN,35,50,59,18702,108546
CORN,34,45,52,18101,102008
CORN,37,40,46,5832,20358
CORN,37,40,46,17807,102444
CORN,35,50,59,19781,106664
CORN,35,50,59,851,1241
CORN,34,55,62,256,801
CORN,36,40,54,1019,1910
CORN,37,42,55,2477,3526
CORN,37,42,55,206,757
CORN,35,50,59,1066,1819
CORN,34,55,62,1385,2864
CORN,25,55,55,209,622
CORN,35,50,59,755,1787
CORN,34,55,62,1048,1802
CORN,36,41,50,157,341
CORN,36,35,45,773,2137
CORN,37,42,55,398,727
CORN,36,40,54,170,413
CORN,37,40,46,799,1620
CORN,36,40,54,1038,1840
CORN,37,42,55,434,1300
CORN,36,35,45,468,1080
CORN,36,41,50,2371,3181
CORN,34,55,62,117,285
CORN,37,42,55,1017,1842
CORN,36,40,54,1769,2318
CORN,35,50,59,50,138
CORN,36,40,54,240,532
CORN,34,45,52,1871,2449
CORN,36,35,45,101,276
CORN,34,55,62,271,630
CORN,34,55,62,650,1011
CORN,25,55,55,302,1286
CORN,34,45,52,265,981
CORN,36,35,45,280,93
CORN,36,35,45,697,2897
CORN,35,50,59,725,2487
CORN,36,41,50,279,723
CORN,36,40,54,750,3002
CORN,36,40,54,657,2121
CORN,36,40,54,310,534
CORN,36,41,50,747,1736
CORN,25,55,55,886,2725
CORN,36,40,54,307,540
CORN,36,41,50,744,3299
CORN,36,35,45,545,2452
CORN,34,45,52,325,758
CORN,37,42,55,203,499
CORN,37,40,46,562,2088
CORN,34,45,52,322,2180
CORN,36,41,50,239,780
CORN,36,35,45,244,1035
CORN,36,41,50,259,656
CORN,36,35,45,250,1206
CORN,34,45,52,192,473
CORN,37,42,55,212,600
CORN,36,35,45,214,613
CORN,35,50,59,8227,6116
CORN,36,40,54,696,2629
CORN,36,35,45,507,836
CORN,37,42,55,6392,10246
CORN,36,41,50,777,2781
CORN,34,55,62,814,1446
CORN,37,40,46,7897,8922
CORN,36,35,45,2284,8348
CORN,35,50,59,759,2218
CORN,34,55,62,7713,9783
CORN,35,50,59,2157,3138
CORN,36,40,54,1293,3677
CORN,36,35,45,4858,7518
CORN,37,42,55,1814,5183
CORN,25,55,55,1285,3141
CORN,36,40,54,5135,7907
CORN,36,40,54,495,731
CORN,37,40,46,1065,2624
CORN,37,40,46,10374,12105
CORN,37,40,46,2260,5327
CORN,35,50,59,1171,3681
CORN,25,55,55,8676,13003
CORN,25,55,55,2009,3397
CORN,36,40,54,1182,2609
CORN,34,45,52,8378,12545
CORN,34,45,52,756,1510
CORN,37,40,46,1825,3190
CORN,36,41,50,4200,5863
CORN,37,40,46,1820,3802
CORN,35,50,59,1768,5796
CORN,37,40,46,4109,4365
CORN,36,40,54,817,1983
CORN,37,40,46,1507,4893
CORN,25,55,55,3547,3437
CORN,36,41,50,833,2546
CORN,36,35,45,1617,5210
CORN,36,40,54,3736,6787
CORN,34,45,52,522,915
CORN,37,40,46,1583,2951
CORN,34,45,52,3318,4554
CORN,36,35,45,896,1458
CORN,34,45,52,1499,3787
CORN,37,40,46,2941,2495
CORN,36,41,50,1018,2440
CORN,35,50,59,1486,5326
CORN,36,41,50,3643,7262
CORN,34,55,62,307,1050
CORN,36,41,50,1486,5469
CORN,35,50,59,2017,3284
CORN,37,40,46,289,964
CORN,34,55,62,1028,4461
CORN,37,42,55,3111,7673
CORN,34,55,62,506,1413
CORN,36,41,50,1027,4056
CORN,35,50,59,7546,10677
CORN,34,55,62,9880,17843
CORN,36,40,54,8531,13645
CORN,34,55,62,6478,10391
CORN,35,50,59,14464,24488
CORN,37,42,55,12868,27893
CORN,37,42,55,6506,8059
CORN,34,45,52,13541,26094
CORN,36,40,54,11453,25561
CORN,37,40,46,10096,16230
CORN,34,45,52,15571,28071
CORN,37,42,55,9616,19680
CORN,34,55,62,7287,7193
CORN,34,45,52,16355,64913
CORN,36,41,50,9045,23228
CORN,36,40,54,7335,13113
CORN,37,40,46,12586,19622
CORN,35,50,59,13544,31603
CORN,25,55,55,6853,11179
CORN,37,40,46,11749,22687
CORN,25,55,55,11633,25960
CORN,25,55,55,9077,16664
CORN,37,40,46,12218,35151
CORN,25,55,55,12105,49283
CORN,36,35,45,3506,5482
CORN,37,42,55,10146,39356
CORN,37,40,46,13138,26196
CORN,36,35,45,3031,4059
CORN,37,40,46,8549,22484
CORN,35,50,59,10963,22255
CORN,37,40,46,2993,187
CORN,34,45,52,8917,25306
CORN,37,42,55,8489,9290
CORN,35,50,59,4260,6352
CORN,34,55,62,7557,18447
CORN,34,55,62,8783,28762
CORN,34,55,62,5226,10697
CORN,35,50,59,9812,24550
CORN,36,40,54,8924,16207
CORN,37,40,46,1977,2716
CORN,34,45,52,19445,51918
CORN,37,42,55,7741,20329
CORN,36,35,45,1978,4514
CORN,37,42,55,14982,57066
CORN,37,40,46,8283,31403
CORN,34,55,62,2036,4210
CORN,35,50,59,15235,29784
CORN,36,40,54,7826,47146
CORN,37,40,46,3187,8996
CORN,36,41,50,14641,43293
CORN,25,55,55,8483,41910
CORN,34,45,52,29025,133734
CORN,25,55,55,11519,24535
CORN,35,50,59,8224,33616
CORN,34,55,62,1793,172
CORN,36,40,54,1077,1681
CORN,36,35,45,1812,4052
CORN,36,40,54,2331,4554
CORN,36,40,54,931,2777
CORN,25,55,55,1636,5477
CORN,37,42,55,2144,3925
CORN,36,41,50,916,2756
CORN,25,55,55,2011,4880
CORN,37,40,46,2195,3077
CORN,36,41,50,443,684
CORN,25,55,55,1369,4292
CORN,34,55,62,1904,4448
CORN,37,40,46,536,785
CORN,34,55,62,1285,3604
CORN,36,40,54,2010,2463
CORN,35,50,59,583,1235
CORN,37,42,55,1557,4375
CORN,37,40,46,2205,2936
CORN,36,40,54,662,1723
CORN,36,35,45,1581,4225
CORN,34,45,52,2257,857
CORN,25,55,55,666,3263
CORN,36,40,54,1628,5528
CORN,36,35,45,2462,934
CORN,36,41,50,924,2265
CORN,35,50,59,1378,3275
CORN,36,41,50,2858,936
CORN,36,41,50,751,1912
CORN,25,55,55,1364,4999
CORN,36,41,50,4222,2998
CORN,25,55,55,987,2259
CORN,34,45,52,2538,10139
CORN,34,55,62,4617,2086
CORN,37,42,55,877,832
CORN,36,41,50,2730,8896
CORN,37,40,46,3662,5490
CORN,36,40,54,963,728
CORN,37,40,46,1718,5330
CORN,34,55,62,4070,5316
CORN,34,55,62,942,2824
CORN,37,42,55,2347,9138
CORN,25,55,55,3029,10889
CORN,37,42,55,1023,3274
CORN,37,40,46,2050,9357
CORN,36,40,54,3778,9291
CORN,34,45,52,1089,4180
CORN,36,41,50,2352,13687
CORN,34,55,62,2494,6652
CORN,35,50,59,886,3346
CORN,36,40,54,1990,9590
CORN,25,55,55,2711,6046
CORN,37,42,55,878,2321
CORN,37,40,46,2307,9632
CORN,25,55,55,908,1133
CORN,34,55,62,74,222
CORN,37,42,55,159,344
CORN,36,41,50,1562,2861
CORN,36,41,50,62,185
CORN,35,50,59,271,601
CORN,34,45,52,1400,2314
CORN,34,55,62,121,364
CORN,36,40,54,260,616
CORN,25,55,55,1570,1181
CORN,36,41,50,68,199
CORN,36,35,45,233,665
CORN,36,35,45,1581,1912
CORN,35,50,59,94,312
CORN,36,40,54,292,724
CORN,37,42,55,1500,1651
CORN,36,35,45,92,240
CORN,34,55,62,391,1071
CORN,36,40,54,1836,3138
CORN,25,55,55,96,291
CORN,36,40,54,574,1618
CORN,37,40,46,1099,1326
CORN,37,42,55,136,421
CORN,25,55,55,467,1384
CORN,36,35,45,1007,1274
CORN,36,41,50,112,341
CORN,35,50,59,948,2370
CORN,37,42,55,1509,2116
CORN,36,40,54,148,535
CORN,37,40,46,1021,3334
CORN,34,45,52,1095,1404
CORN,37,42,55,172,688
CORN,37,40,46,1072,3535
CORN,37,42,55,1014,1135
CORN,36,41,50,155,546
CORN,37,40,46,1039,3346
CORN,25,55,55,1052,1630
CORN,36,41,50,59,153
CORN,25,55,55,1016,3131
CORN,37,42,55,1424,1587
CORN,25,55,55,40,155
CORN,34,45,52,952,3935
CORN,36,35,45,1817,3227
CORN,37,42,55,39,179
CORN,36,35,45,1045,4532
CORN,37,42,55,1279,2223
CORN,25,55,55,10,33
CORN,34,45,52,350,1352
CORN,36,35,45,1671,3293
CORN,36,41,50,7,32
CORN,25,55,55,386,1860
CORN,37,42,55,1474,3150
CORN,34,55,62,455,1882
CORN,34,55,62,4345,6667
CORN,34,45,52,5494,13499
CORN,36,41,50,4608,9094
CORN,36,35,45,4700,8949
CORN,25,55,55,4824,14269
CORN,36,40,54,4980,10425
CORN,36,40,54,1984,5248
CORN,34,45,52,7003,14888
CORN,36,40,54,5399,9845
CORN,36,41,50,1212,2214
CORN,34,45,52,5761,10111
CORN,36,40,54,5767,14698
CORN,34,55,62,1753,2524
CORN,35,50,59,5863,24877
CORN,34,45,52,5786,15456
CORN,35,50,59,2917,13195
CORN,34,45,52,5801,20530
CORN,37,42,55,5953,17072
CORN,36,40,54,2919,3756
CORN,34,55,62,5860,10132
CORN,36,40,54,6039,12684
CORN,36,40,54,4085,2283
CORN,34,45,52,5911,17136
CORN,37,42,55,5996,22119
CORN,36,41,50,3956,2187
CORN,36,40,54,5984,14278
CORN,36,41,50,6101,19200
CORN,36,41,50,4116,6821
CORN,37,40,46,6045,4256
CORN,35,50,59,6459,13734
CORN,36,41,50,4119,8573
CORN,25,55,55,6048,43842
CORN,35,50,59,6251,13739
CORN,36,41,50,4062,24815
CORN,37,40,46,6106,10173
CORN,36,41,50,6519,21342
CORN,36,41,50,2378,2179
CORN,35,50,59,5967,22096
CORN,34,45,52,6030,14784
CORN,37,40,46,2036,2956
CORN,25,55,55,5175,16306
CORN,34,55,62,3949,11683
CORN,36,41,50,2122,6880
CORN,36,35,45,4467,14151
CORN,35,50,59,3409,11029
CORN,36,41,50,2129,7558
CORN,25,55,55,5422,10600
CORN,35,50,59,3506,17490
CORN,37,42,55,2239,6449
CORN,37,42,55,5081,14435
CORN,37,40,46,3423,11637
CORN,34,55,62,2073,4874
CORN,34,45,52,4641,13083
CORN,37,42,55,3111,10365
CORN,36,41,50,5545,2878
CORN,25,55,55,855,1335
CORN,34,45,52,1835,3756
CORN,37,42,55,4727,10375
CORN,36,41,50,674,2011
CORN,34,55,62,2276,7410
CORN,37,40,46,9850,28053
CORN,37,40,46,848,2552
CORN,35,50,59,5797,14062
CORN,36,35,45,6605,18274
CORN,36,41,50,1435,2216
CORN,25,55,55,2127,5739
CORN,25,55,55,2370,3930
CORN,37,42,55,886,1297
CORN,25,55,55,2177,4883
CORN,25,55,55,6905,11013
CORN,36,40,54,765,1607
CORN,36,35,45,3012,7385
CORN,34,45,52,7598,10168
CORN,35,50,59,546,1421
CORN,37,42,55,2755,7869
CORN,35,50,59,7689,11400
CORN,25,55,55,770,3773
CORN,36,40,54,2065,5949
CORN,36,41,50,9072,14022
CORN,36,41,50,678,1662
CORN,25,55,55,3816,9328
CORN,34,45,52,7569,14350
CORN,34,45,52,582,1072
CORN,36,41,50,3814,13123
CORN,34,45,52,10380,3656
CORN,34,55,62,590,1487
CORN,37,42,55,3916,14283
CORN,36,40,54,4416,3021
CORN,25,55,55,616,585
CORN,35,50,59,3178,10326
CORN,34,45,52,5160,5218
CORN,34,45,52,432,1169
CORN,36,41,50,1151,3565
CORN,35,50,59,5515,4540
CORN,34,55,62,398,1193
CORN,37,42,55,1195,4844
CORN,35,50,59,6078,9735
CORN,35,50,59,369,1181
CORN,36,40,54,1620,7055
CORN,35,50,59,4799,11809
CORN,36,41,50,430,1650
CORN,25,55,55,1202,5301
CORN,36,40,54,3736,14003
CORN,34,55,62,399,1507
CORN,37,42,55,1376,6634
CORN,35,50,59,4989,15289
CORN,37,40,46,391,1034
CORN,35,50,59,1399,5587
CORN,25,55,55,10864,25143
CORN,35,50,59,6414,24450
CORN,36,40,54,5905,12084
CORN,34,45,52,8942,16363
CORN,34,55,62,7217,26631
CORN,37,40,46,5881,13751
CORN,37,40,46,8656,14022
CORN,37,42,55,7100,17537
CORN,37,40,46,7034,15973
CORN,34,55,62,4396,8569
CORN,25,55,55,7101,11397
CORN,34,45,52,5241,14840
CORN,35,50,59,5087,365
CORN,36,40,54,7139,29356
CORN,37,40,46,6096,15934
CORN,37,42,55,7140,18234
CORN,36,35,45,6242,24244
CORN,34,45,52,4700,14418
CORN,37,42,55,5548,15742
CORN,35,50,59,8570,46012
CORN,36,40,54,4994,11242
CORN,34,55,62,6100,14145
CORN,37,40,46,6644,17361
CORN,35,50,59,4662,17212
CORN,36,35,45,6179,14145
CORN,36,40,54,6656,22724
CORN,37,40,46,4851,12025
CORN,36,41,50,6143,6175
CORN,36,40,54,6235,3520
CORN,37,40,46,4806,10163
CORN,34,45,52,7024,2642
CORN,34,45,52,6807,40052
CORN,37,42,55,4846,10746
CORN,25,55,55,7148,9115
CORN,37,40,46,7163,6074
CORN,37,40,46,4862,15939
CORN,37,40,46,6394,5929
CORN,35,50,59,6632,14179
CORN,34,45,52,4845,11979
CORN,37,40,46,7024,6076
CORN,35,50,59,3996,13187
CORN,34,45,52,4846,13880
CORN,37,40,46,43626,154451
CORN,34,55,62,4066,15284
CORN,36,40,54,3754,14460
CORN,35,50,59,39003,129982
CORN,25,55,55,3982,7785
CORN,34,55,62,3742,21969
CORN,37,40,46,43507,73259
CORN,35,50,59,4222,8267
CORN,34,45,52,3875,19107
CORN,36,35,45,41750,82553
CORN,37,40,46,6487,4534
CORN,25,55,55,3994,15495
CORN,25,55,55,6900,11375
CORN,34,55,62,8231,22635
CORN,36,40,54,15110,37952
CORN,37,42,55,6927,5692
CORN,36,40,54,9224,19970
CORN,25,55,55,14976,47497
CORN,36,35,45,7394,12554
CORN,36,41,50,9211,31944
CORN,25,55,55,15101,30160
CORN,35,50,59,9296,21693
CORN,37,42,55,14411,44847
CORN,36,35,45,17740,51450
CORN,37,42,55,10708,18554
CORN,37,42,55,11327,29756
CORN,25,55,55,17807,45659
CORN,36,41,50,10609,19894
CORN,37,40,46,10266,25603
CORN,35,50,59,18214,39762
CORN,36,35,45,11319,24395
CORN,37,42,55,11326,30410
CORN,36,35,45,17616,40942
CORN,36,41,50,10013,20488
CORN,34,45,52,10774,33173
CORN,37,40,46,13556,37216
CORN,36,41,50,15584,31267
CORN,34,55,62,11859,27110
CORN,37,42,55,18603,30936
CORN,37,42,55,13795,38097
CORN,36,40,54,11399,25750
CORN,37,40,46,17774,86824
CORN,34,45,52,11811,36953
CORN,36,35,45,11123,15127
CORN,34,55,62,17235,77404
CORN,37,40,46,11384,27076
CORN,25,55,55,11460,41657
CORN,25,55,55,18079,72714
CORN,35,50,59,12340,45779
CORN,36,35,45,10748,14198
CORN,34,55,62,16669,77661
CORN,37,40,46,10276,34313
CORN,34,45,52,11530,19128
CORN,36,41,50,16307,40963
CORN,25,55,55,10921,17950
CORN,36,41,50,11623,28662
CORN,25,55,55,16164,51036
CORN,37,42,55,11416,50379
CORN,34,55,62,11123,33147
CORN,37,42,55,16095,45967
CORN,36,35,45,10186,27499
CORN,37,42,55,11064,34597
CORN,36,35,45,16653,49076
CORN,34,45,52,7813,20794
CORN,35,50,59,11323,20563
CORN,36,40,54,16468,36213
CORN,34,55,62,294,141
CORN,34,45,52,6,9
CORN,37,40,46,20,45
CORN,36,35,45,254,492
CORN,37,40,46,5,15
CORN,34,45,52,21,70
CORN,34,45,52,641,1405
CORN,35,50,59,6,18
CORN,34,45,52,22,53
CORN,37,40,46,618,1349
CORN,34,45,52,5,8
CORN,37,42,55,31,98
CORN,36,40,54,580,982
CORN,36,40,54,5,7
CORN,37,40,46,36,102
CORN,37,40,46,611,960
CORN,37,40,46,5,11
CORN,35,50,59,12,34
CORN,25,55,55,554,668
CORN,35,50,59,156,451
CORN,25,55,55,511,664
CORN,35,50,59,146,398
CORN,34,55,62,578,968
CORN,37,42,55,16,38
CORN,25,55,55,574,953
CORN,36,35,45,2,4
CORN,34,55,62,15,53
CORN,37,40,46,94,40
CORN,34,45,52,84,47
CORN,34,55,62,9,29
CORN,36,41,50,94,99
CORN,36,35,45,9,28
CORN,36,40,54,178,277
CORN,25,55,55,3,12
CORN,36,40,54,92,207
CORN,36,41,50,3,14
CORN,34,55,62,145,365
CORN,35,50,59,3,14
CORN,37,42,55,238,592
CORN,37,40,46,7,34
CORN,34,45,52,47,114
CORN,25,55,55,4,16
CORN,35,50,59,5111,13931
CORN,34,55,62,9176,26500
CORN,36,41,50,21207,38617
CORN,37,40,46,9009,11279
CORN,36,41,50,10910,18165
CORN,34,55,62,18254,38449
CORN,34,55,62,10351,21369
CORN,34,55,62,11730,41407
CORN,37,42,55,14152,39824
CORN,34,55,62,7816,24396
CORN,25,55,55,7528,28539
CORN,34,55,62,12609,45178
CORN,34,55,62,6394,8912
CORN,37,42,55,7772,24124
CORN,36,35,45,12577,33349
CORN,25,55,55,6371,10944
CORN,34,55,62,8554,56561
CORN,36,41,50,14029,35470
CORN,36,41,50,5093,12338
CORN,34,45,52,9944,36196
CORN,37,40,46,13419,39285
CORN,36,41,50,5397,18828
CORN,34,45,52,9411,36853
CORN,36,41,50,14222,38099
CORN,36,41,50,3567,12891
CORN,34,45,52,12100,39095
CORN,37,40,46,16024,51460
CORN,25,55,55,3995,11317
CORN,25,55,55,10485,45390
CORN,34,45,52,15999,53394
CORN,36,35,45,5629,20334
CORN,36,40,54,9878,38099
CORN,37,40,46,17848,74364
CORN,34,45,52,4986,16045
CORN,37,40,46,9439,35878
CORN,25,55,55,17785,58798
CORN,34,45,52,9288,24368
CORN,35,50,59,11220,32134
CORN,36,40,54,18035,62854
CORN,36,35,45,9710,34346
CORN,37,42,55,13183,63595
CORN,37,40,46,23196,148595
CORN,34,55,62,7740,33584
CORN,36,35,45,11281,84709
CORN,34,55,62,23290,122736
CORN,37,40,46,10096,52632
CORN,37,42,55,12473,40699
CORN,36,35,45,21637,141502
CORN,34,45,52,9490,45930
CORN,34,55,62,11818,68592
CORN,37,42,55,19351,103034
CORN,25,55,55,1173,5217
CORN,36,41,50,11939,50574
CORN,25,55,55,15128,72319
CORN,36,35,45,18103,21621
CORN,25,55,55,23115,80741
CORN,34,55,62,4842,9007
CORN,34,55,62,16592,25239
CORN,25,55,55,25204,99682
CORN,36,40,54,5243,8340
CORN,34,45,52,16065,33315
CORN,35,50,59,24693,75437
CORN,34,55,62,5637,13426
CORN,34,45,52,16844,28958
CORN,37,40,46,24329,54181
CORN,25,55,55,5840,17536
CORN,36,41,50,14857,25279
CORN,36,41,50,25156,65884
CORN,36,35,45,5851,11685
CORN,37,42,55,14628,19305
CORN,25,55,55,23642,73077
CORN,34,45,52,5141,11890
CORN,25,55,55,7196,9743
CORN,36,35,45,23836,61521
CORN,34,55,62,5129,8857
CORN,25,55,55,14939,19246
CORN,36,35,45,23964,70981
CORN,34,55,62,5172,9886
CORN,25,55,55,14933,19240
CORN,36,35,45,24938,73442
CORN,34,55,62,5054,10500
CORN,34,55,62,14158,20932
CORN,34,55,62,25263,118660
CORN,37,42,55,5147,22237
CORN,35,50,59,13808,4397
CORN,36,41,50,25731,111827
CORN,36,35,45,5128,19711
CORN,34,45,52,13866,39942
CORN,35,50,59,28314,113851
CORN,25,55,55,16728,54398
CORN,25,55,55,12147,23714
CORN,34,55,62,25564,49952
CORN,36,40,54,20306,62957
CORN,36,35,45,11869,20968
CORN,34,55,62,28564,149180
CORN,37,42,55,12351,56046
CORN,37,40,46,30039,73836
CORN,25,55,55,10246,41009
CORN,34,45,52,30039,98017
CORN,37,42,55,10246,56149
CORN,25,55,55,11086,34824
CORN,35,50,59,33107,87568
CORN,34,55,62,13715,66098
CORN,37,42,55,12114,29411
CORN,37,40,46,33998,94548
CORN,25,55,55,10774,32041
CORN,37,40,46,13564,12462
CORN,25,55,55,5260,9289
CORN,36,40,54,3648,7380
CORN,25,55,55,18179,8284
CORN,25,55,55,5294,17507
CORN,37,42,55,4688,4871
CORN,36,35,45,18472,34915
CORN,37,40,46,6435,14987
CORN,25,55,55,4968,12458
CORN,36,41,50,18804,35588
CORN,37,42,55,5021,12447
CORN,37,40,46,4875,9094
CORN,36,35,45,18821,29542
CORN,34,45,52,5184,12680
CORN,36,41,50,6936,17548
CORN,36,41,50,18851,35764
CORN,36,35,45,4956,8742
CORN,34,55,62,5815,15276
CORN,34,45,52,17975,22654
CORN,34,55,62,4463,9917
CORN,37,42,55,7183,29034
CORN,36,35,45,16583,31709
CORN,36,40,54,5210,13067
CORN,37,40,46,6806,22808
CORN,25,55,55,18368,35224
CORN,36,41,50,4967,9149
CORN,36,35,45,4931,7429
CORN,34,55,62,17974,26446
CORN,35,50,59,4850,10942
CORN,36,40,54,4953,16447
CORN,25,55,55,13197,13502
CORN,34,45,52,5416,8877
CORN,37,42,55,6733,12187
CORN,34,45,52,16821,7951
CORN,36,40,54,5503,12563
CORN,34,45,52,6890,22509
CORN,37,42,55,13282,19565
CORN,36,35,45,6099,10454
CORN,34,45,52,5842,9563
CORN,37,40,46,17483,25111
CORN,36,41,50,5388,13917
CORN,36,35,45,5563,15473
CORN,34,45,52,17843,29572
CORN,36,35,45,6727,28200
CORN,34,55,62,4615,17303
CORN,37,40,46,16787,34940
CORN,36,40,54,6054,16679
CORN,37,40,46,4615,13529
CORN,34,55,62,15762,43669
CORN,25,55,55,7754,22378
CORN,36,40,54,4846,23354
CORN,36,35,45,15387,40056
CORN,34,45,52,6309,19394
CORN,37,42,55,6120,21308
CORN,25,55,55,887,450
CORN,36,40,54,65,246
CORN,36,35,45,121,272
CORN,25,55,55,507,242
CORN,34,55,62,71,254
CORN,37,40,46,74,128
CORN,36,35,45,4097,5350
CORN,34,45,52,18,66
CORN,37,40,46,46,174
CORN,35,50,59,907,1174
CORN,36,40,54,53,194
CORN,37,40,46,145,369
CORN,34,45,52,832,1375
CORN,34,45,52,146,413
CORN,36,35,45,865,1049
CORN,34,45,52,2,5
CORN,36,35,45,82,162
CORN,25,55,55,845,1369
CORN,36,40,54,15,49
CORN,25,55,55,194,712
CORN,35,50,59,580,830
CORN,35,50,59,182,408
CORN,34,55,62,2131,3010
CORN,34,55,62,16,63
CORN,36,41,50,53,120
CORN,36,35,45,1361,1632
CORN,34,55,62,13,64
CORN,36,41,50,57,210
CORN,36,40,54,564,860
CORN,36,40,54,50,252
CORN,36,35,45,53,195
CORN,34,55,62,198,247
CORN,36,40,54,29,109
CORN,37,40,46,41,134
CORN,34,45,52,125,165
CORN,36,40,54,128,334
CORN,36,35,45,53,165
CORN,36,40,54,257,290
CORN,36,41,50,135,567
CORN,35,50,59,50,193
CORN,37,40,46,401,541
CORN,36,35,45,70,440
CORN,34,45,52,41,133
CORN,25,55,55,251,569
CORN,35,50,59,68,233
CORN,34,55,62,601,629
CORN,36,41,50,78,346
CORN,35,50,59,37,73
CORN,36,41,50,561,683
CORN,35,50,59,77,266
CORN,37,42,55,25,106
CORN,37,40,46,23,44
CORN,34,55,62,1197,3147
CORN,36,40,54,799,1521
CORN,37,40,46,318,545
CORN,35,50,59,830,1529
CORN,36,41,50,807,1721
CORN,35,50,59,498,1029
CORN,37,42,55,837,2370
CORN,37,40,46,750,1648
CORN,34,45,52,142,227
CORN,36,41,50,748,2509
CORN,36,35,45,577,1486
CORN,36,41,50,130,210
CORN,37,40,46,830,3294
CORN,34,55,62,493,1309
CORN,36,35,45,126,336
CORN,34,55,62,826,2205
CORN,36,41,50,480,1502
CORN,36,35,45,124,153
CORN,36,40,54,593,2461
CORN,36,35,45,494,1115
CORN,36,41,50,748,2152
CORN,35,50,59,468,1749
CORN,34,45,52,23,44
CORN,36,41,50,768,1484
CORN,25,55,55,279,693
CORN,34,55,62,29,31
CORN,34,45,52,668,2940
CORN,36,41,50,275,626
CORN,34,45,52,7,2
CORN,37,42,55,1445,2052
CORN,35,50,59,5,7
CORN,34,55,62,703,1171
CORN,35,50,59,23,41
CORN,35,50,59,1035,3419
CORN,36,35,45,222,475
CORN,36,35,45,681,2448
CORN,35,50,59,195,822
CORN,37,42,55,235,627
CORN,34,45,52,1328,3328
CORN,37,42,55,196,837
CORN,35,50,59,208,774
CORN,36,35,45,1536,3003
CORN,35,50,59,181,699
CORN,37,42,55,202,1162
CORN,36,40,54,1431,4689
CORN,36,41,50,210,1014
CORN,35,50,59,193,836
CORN,35,50,59,1436,4851
CORN,34,45,52,195,758
CORN,35,50,59,514,910
CORN,34,55,62,1473,3308
CORN,36,40,54,2796,5307
CORN,36,40,54,1073,1509
CORN,34,45,52,1712,6204
CORN,36,35,45,1861,3851
CORN,36,41,50,1394,2768
CORN,36,40,54,1715,4747
CORN,37,40,46,2072,4673
CORN,36,35,45,1307,2583
CORN,34,45,52,1487,4736
CORN,37,42,55,2105,5226
CORN,34,55,62,836,892
CORN,37,42,55,1753,6958
CORN,37,40,46,1665,4372
CORN,36,40,54,483,1044
CORN,25,55,55,1714,4775
CORN,34,55,62,1657,5142
CORN,34,55,62,484,813
CORN,37,40,46,672,2720
CORN,35,50,59,1085,2432
CORN,34,55,62,210,374
CORN,35,50,59,1057,2029
CORN,36,40,54,1384,4315
CORN,37,42,55,212,372
CORN,36,40,54,1611,1260
CORN,37,40,46,4202,10418
CORN,25,55,55,210,288
CORN,25,55,55,1737,3333
CORN,36,40,54,4202,8939
CORN,25,55,55,675,343
CORN,34,45,52,913,1096
CORN,36,40,54,4058,8966
CORN,35,50,59,765,1376
CORN,34,55,62,1674,2789
CORN,35,50,59,3354,11005
CORN,34,55,62,614,610
CORN,25,55,55,986,3189
CORN,34,45,52,3275,8063
CORN,37,40,46,715,811
CORN,34,45,52,976,6169
CORN,36,41,50,3112,8888
CORN,35,50,59,969,2778
CORN,36,41,50,1950,10897
CORN,36,35,45,3097,12097
CORN,36,40,54,149,751
CORN,35,50,59,3934,7691
CORN,36,40,54,3097,17365
CORN,36,35,45,684,1672
CORN,36,35,45,3936,19479
CORN,34,55,62,405,2004
CORN,37,40,46,1028,4033
CORN,36,35,45,4193,13506
CORN,34,55,62,273,1059
CORN,34,55,62,15505,41920
CORN,34,45,52,5504,14008
CORN,37,42,55,1907,3858
CORN,37,42,55,13560,14837
CORN,36,40,54,5991,11940
CORN,25,55,55,1946,2058
CORN,36,35,45,13209,28842
CORN,36,35,45,7031,22802
CORN,25,55,55,2773,6955
CORN,34,45,52,10557,17931
CORN,35,50,59,5041,10324
CORN,34,55,62,3331,7291
CORN,34,55,62,12271,20069
CORN,36,40,54,4601,12128
CORN,36,35,45,3454,8117
CORN,35,50,59,11212,24101
CORN,37,42,55,4507,11317
CORN,36,35,45,3279,8749
CORN,34,45,52,11335,17991
CORN,25,55,55,4137,9556
CORN,34,45,52,3083,12466
CORN,36,40,54,11579,15204
CORN,25,55,55,4072,9223
CORN,36,40,54,2504,8371
CORN,35,50,59,10434,13584
CORN,36,41,50,4514,14860
CORN,25,55,55,3572,5747
CORN,36,35,45,12011,17300
CORN,36,41,50,4095,15987
CORN,25,55,55,3304,10925
CORN,36,41,50,12592,7663
CORN,36,35,45,3693,12298
CORN,35,50,59,4080,7161
CORN,36,41,50,8677,3294
CORN,36,35,45,4392,8766
CORN,36,35,45,3433,11228
CORN,36,35,45,8675,28438
CORN,35,50,59,3719,12559
CORN,36,40,54,3906,6174
CORN,37,40,46,12324,21913
CORN,34,55,62,4892,10474
CORN,37,42,55,3868,10633
CORN,25,55,55,9163,22092
CORN,36,41,50,3574,14117
CORN,25,55,55,3541,13241
CORN,37,42,55,11651,29282
CORN,36,35,45,4928,9925
CORN,34,55,62,3453,9898
CORN,37,42,55,13209,34374
CORN,36,35,45,5057,14311
CORN,34,55,62,1183,5702
CORN,37,42,55,12023,30399
CORN,36,35,45,4961,9927
CORN,34,55,62,1171,4170
CORN,34,55,62,2030,5319
CORN,36,40,54,710,2050
CORN,36,35,45,5412,8724
CORN,35,50,59,1575,1944
CORN,36,35,45,1151,2650
CORN,36,40,54,5693,12136
CORN,34,45,52,2449,5948
CORN,35,50,59,1392,4443
CORN,36,40,54,6267,15290
CORN,36,41,50,381,873
CORN,34,45,52,3785,5269
CORN,36,41,50,6307,18879
CORN,36,40,54,547,795
CORN,36,41,50,3858,11586
CORN,35,50,59,6257,13777
CORN,25,55,55,1408,3388
CORN,34,55,62,5765,16205
CORN,36,41,50,6392,13970
CORN,37,42,55,1216,3564
CORN,35,50,59,3103,8242
CORN,34,45,52,6875,17779
CORN,34,45,52,1549,4711
CORN,36,35,45,3447,15584
CORN,35,50,59,6178,23272
CORN,25,55,55,259,781
CORN,36,41,50,2707,9908
CORN,25,55,55,6998,23036
CORN,35,50,59,407,924
CORN,35,50,59,1861,7941
CORN,36,40,54,9634,45808
CORN,25,55,55,1632,5508
CORN,34,45,52,3059,11379
CORN,36,40,54,8951,19178
CORN,35,50,59,4644,15115
CORN,36,40,54,1490,8301
CORN,37,42,55,9489,32069
CORN,37,40,46,707,1909
CORN,36,40,54,1132,4070
CORN,37,40,46,8561,37310
CORN,34,45,52,1761,4458
CORN,37,40,46,3139,14063
CORN,35,50,59,7406,42040
CORN,37,42,55,2446,9826
CORN,36,35,45,2628,15261
CORN,34,55,62,7217,27041
CORN,37,40,46,2446,14331
CORN,25,55,55,2628,8575
CORN,34,45,52,7217,49242
CORN,36,35,45,2647,10122
CORN,25,55,55,3474,20163
CORN,34,45,52,9096,48635
CORN,37,40,46,2885,7558
CORN,35,50,59,3222,10997
CORN,36,40,54,6301,32266
CORN,34,45,52,16283,29418
CORN,36,40,54,5875,9970
CORN,37,40,46,10366,21151
CORN,37,40,46,17833,22215
CORN,36,41,50,6466,16275
CORN,34,55,62,10312,19857
CORN,34,45,52,14119,32006
CORN,34,55,62,4508,9593
CORN,36,40,54,9473,20867
CORN,36,41,50,14746,30661
CORN,35,50,59,6606,12849
CORN,34,45,52,9789,26479
CORN,25,55,55,15488,14347
CORN,35,50,59,5360,18642
CORN,36,40,54,6421,16387
CORN,35,50,59,16539,30809
CORN,36,40,54,5677,16282
CORN,36,41,50,12105,48981
CORN,36,41,50,17352,20587
CORN,34,45,52,6596,19537
CORN,36,41,50,9394,22231
CORN,36,41,50,17206,31763
CORN,34,45,52,6439,21165
CORN,37,42,55,9679,28372
CORN,36,40,54,15569,29187
CORN,35,50,59,7865,21983
CORN,36,40,54,9762,26486
CORN,34,55,62,15801,23768
CORN,34,55,62,7459,22347
CORN,37,42,55,10902,23682
CORN,35,50,59,16313,10327
CORN,35,50,59,5983,19355
CORN,34,45,52,11308,35482
CORN,37,40,46,16490,30880
CORN,37,42,55,5946,9906
CORN,36,41,50,11503,37870
CORN,36,41,50,15501,26394
CORN,34,55,62,7145,21542
CORN,36,40,54,10677,31034
CORN,37,40,46,14802,29374
CORN,34,45,52,6633,15515
CORN,37,42,55,11235,30858
CORN,36,35,45,13082,20653
CORN,34,45,52,7537,28332
CORN,37,42,55,11371,46909
CORN,25,55,55,14160,44684
CORN,37,42,55,7128,13935
CORN,36,35,45,11371,64461
CORN,34,55,62,15665,56977
CORN,37,40,46,5946,24801
CORN,35,50,59,11247,60470
CORN,36,40,54,14063,54235
CORN,37,40,46,6555,31785
CORN,25,55,55,11707,45431
CORN,34,55,62,380,1330
CORN,25,55,55,325,810
CORN,37,40,46,200,500
CORN,36,41,50,200,450
CORN,36,41,50,200,450
CORN,37,40,46,100,200
CORN,34,55,62,60,120
CORN,36,41,50,20,40
CORN,35,50,59,20,40
CORN,37,42,55,20,40
CORN,25,55,55,60,125
CORN,36,40,54,30,65
CORN,36,35,45,25,55
CORN,25,55,55,125,149
CORN,35,50,59,121,170
CORN,36,40,54,258,415
CORN,37,40,46,259,315
CORN,37,40,46,143,156
CORN,36,41,50,106,171
CORN,36,41,50,86,150
CORN,36,40,54,79,134
CORN,25,55,55,18265,25481
CORN,36,41,50,19649,40033
CORN,37,42,55,19661,39902
CORN,36,40,54,33,117
CORN,36,40,54,127,233
CORN,37,42,55,19750,35369
CORN,34,55,62,13769,22508
CORN,37,40,46,13642,13257
CORN,36,40,54,13785,21540
CORN,36,35,45,15037,25454
CORN,34,45,52,15848,27587
CORN,35,50,59,16361,21094
CORN,36,35,45,16085,23655
CORN,36,40,54,16872,30043
CORN,36,35,45,17680,28367
CORN,36,40,54,19188,37053
CORN,34,55,62,20242,40570
CORN,35,50,59,9153,18879
CORN,36,35,45,9503,22351
CORN,36,41,50,9560,22398
CORN,36,35,45,9924,19865
CORN,37,42,55,17,20
CORN,36,41,50,10,16
CORN,25,55,55,24,21
CORN,34,45,52,33,46
CORN,35,50,59,901,
CORN,36,35,45,921,1562
CORN,37,42,55,817,634
CORN,37,42,55,662,689
CORN,37,42,55,702,1034
CORN,36,41,50,654,1350
CORN,37,40,46,629,1268
CORN,36,35,45,580,1487
CORN,25,55,55,609,1298
CORN,36,41,50,4548,4422
CORN,34,45,52,4668,3344
CORN,25,55,55,4578,5483
CORN,36,40,54,4406,5456
CORN,36,35,45,4210,5549
CORN,36,41,50,4082,4741
CORN,34,55,62,3877,4606
CORN,36,41,50,3810,5147
CORN,35,50,59,3651,4597
CORN,36,41,50,5677,9208
CORN,25,55,55,3577,6215
CORN,37,42,55,3312,4552
CORN,34,55,62,3013,5357
CORN,34,55,62,3016,5654
CORN,25,55,55,3152,5738
CORN,36,35,45,7633,11343
CORN,35,50,59,7609,6722
CORN,34,55,62,7543,10824
CORN,34,45,52,7406,9135
CORN,36,40,54,7509,11595
CORN,37,42,55,7439,8170
CORN,36,35,45,5541,8338
CORN,34,55,62,5631,9708
CORN,36,41,50,5655,8342
CORN,34,45,52,5720,5961
CORN,37,40,46,5920,12607
CORN,34,45,52,3274,6753
CORN,36,35,45,3246,6217
CORN,36,40,54,3323,8515
CORN,37,40,46,3328,7098
CORN,36,35,45,109,99
CORN,25,55,55,125,82
CORN,25,55,55,156,157
CORN,36,41,50,256,320
CORN,35,50,59,287,418
CORN,25,55,55,291,307
CORN,37,40,46,190,206
CORN,37,42,55,191,240
CORN,34,45,52,206,236
CORN,35,50,59,375,925
CORN,25,55,55,259,653
CORN,37,40,46,1073,2430
CORN,36,41,50,1487,4011
CORN,36,35,45,2074,6090
CORN,36,41,50,4962,13066
CORN,37,42,55,281,254
CORN,34,55,62,327,185
CORN,25,55,55,273,249
CORN,34,45,52,286,290
CORN,36,35,45,219,267
CORN,36,41,50,276,249
CORN,34,45,52,329,332
CORN,37,40,46,310,369
CORN,34,55,62,257,271
CORN,36,35,45,300,245
CORN,36,40,54,330,485
CORN,37,42,55,148,176
CORN,36,35,45,120,186
CORN,36,35,45,184,202
CORN,34,45,52,485,591
CORN,36,40,54,709,771
CORN,35,50,59,8314,12384
CORN,25,55,55,10519,15934
CORN,36,41,50,9023,15314
CORN,36,40,54,383,486
CORN,34,45,52,379,286
CORN,36,40,54,379,619
CORN,34,45,52,413,426
CORN,35,50,59,380,500
CORN,36,41,50,419,503
